Workbook

Sheet base_nuevo_leon
A1: año | B1: sexo | C1: edad_inicio | D1: n | E1: ax | F1: poblacion | G1: defunciones | H1: mx | I1: qx | J1: lx | K1: dx | L1: Lx | M1: Tx | N1: ex | P1: APV_85
A2: 2010 | B2: Hombres | C2: 0 | D2: 1 | E2: 0.1 | F2: 36094 | G2: 218.42 | H2: =IFERROR(G2/F2,0) -> 0.0060514213 | I2: =IF(C2=85,1,(D2*H2)/(1+(D2-IF(E2="",D2/2,E2))*H2)) -> 0.0060186421 | J2: =IF(OR(ROW()=2,A2<>A1,B2<>B1),100000,J1-K1) -> 100000 | K2: =J2*I2 -> 601.86421 | L2: =IF(C2=85,J2/H2,D2*J2-(D2-E2)*K2) -> 99458.322 | M2: =SUMIFS(L:L,A:A,A2,B:B,B2,C:C,">="&C2) -> 7459995.1 | N2: =M2/J2 -> 74.599951 | P2: =IF(C2=0, 85-N2, "") -> 10.400049
A3: 2010 | B3: Hombres | C3: 1 | D3: 4 | E3: 2 | F3: 144378 | G3: 57.98 | H3: =IFERROR(G3/F3,0) -> 0.00040158473 | I3: =IF(C3=85,1,(D3*H3)/(1+(D3-IF(E3="",D3/2,E3))*H3)) -> 0.0016050498 | J3: =IF(OR(ROW()=2,A3<>A2,B3<>B2),100000,J2-K2) -> 99398.136 | K3: =J3*I3 -> 159.53896 | L3: =IF(C3=85,J3/H3,D3*J3-(D3-E3)*K3) -> 397273.47 | M3: =SUMIFS(L:L,A:A,A3,B:B,B3,C:C,">="&C3) -> 7360536.7 | N3: =M3/J3 -> 74.051054 | P3: =IF(C3=0, 85-N3, "")
A4: 2010 | B4: Hombres | C4: 5 | D4: 5 | E4: 2.5 | F4: 192504 | G4: 30.91 | H4: =IFERROR(G4/F4,0) -> 0.00016056809 | I4: =IF(C4=85,1,(D4*H4)/(1+(D4-IF(E4="",D4/2,E4))*H4)) -> 0.00080251831 | J4: =IF(OR(ROW()=2,A4<>A3,B4<>B3),100000,J3-K3) -> 99238.597 | K4: =J4*I4 -> 79.640791 | L4: =IF(C4=85,J4/H4,D4*J4-(D4-E4)*K4) -> 495993.88 | M4: =SUMIFS(L:L,A:A,A4,B:B,B4,C:C,">="&C4) -> 6963263.3 | N4: =M4/J4 -> 70.166886 | P4: =IF(C4=0, 85-N4, "")
A5: 2010 | B5: Hombres | C5: 10 | D5: 5 | E5: 2.5 | F5: 192504 | G5: 41.22 | H5: =IFERROR(G5/F5,0) -> 0.00021412542 | I5: =IF(C5=85,1,(D5*H5)/(1+(D5-IF(E5="",D5/2,E5))*H5)) -> 0.0010700543 | J5: =IF(OR(ROW()=2,A5<>A4,B5<>B4),100000,J4-K4) -> 99158.956 | K5: =J5*I5 -> 106.10547 | L5: =IF(C5=85,J5/H5,D5*J5-(D5-E5)*K5) -> 495529.52 | M5: =SUMIFS(L:L,A:A,A5,B:B,B5,C:C,">="&C5) -> 6467269.4 | N5: =M5/J5 -> 65.221233 | P5: =IF(C5=0, 85-N5, "")
A6: 2010 | B6: Hombres | C6: 15 | D6: 5 | E6: 2.5 | F6: 180472 | G6: 87 | H6: =IFERROR(G6/F6,0) -> 0.00048206924 | I6: =IF(C6=85,1,(D6*H6)/(1+(D6-IF(E6="",D6/2,E6))*H6)) -> 0.0024074448 | J6: =IF(OR(ROW()=2,A6<>A5,B6<>B5),100000,J5-K5) -> 99052.851 | K6: =J6*I6 -> 238.46427 | L6: =IF(C6=85,J6/H6,D6*J6-(D6-E6)*K6) -> 494668.09 | M6: =SUMIFS(L:L,A:A,A6,B:B,B6,C:C,">="&C6) -> 5971739.9 | N6: =M6/J6 -> 60.28842 | P6: =IF(C6=0, 85-N6, "")
A7: 2010 | B7: Hombres | C7: 20 | D7: 5 | E7: 2.5 | F7: 180472 | G7: 145.11 | H7: =IFERROR(G7/F7,0) -> 0.00080405825 | I7: =IF(C7=85,1,(D7*H7)/(1+(D7-IF(E7="",D7/2,E7))*H7)) -> 0.0040122261 | J7: =IF(OR(ROW()=2,A7<>A6,B7<>B6),100000,J6-K6) -> 98814.386 | K7: =J7*I7 -> 396.46566 | L7: =IF(C7=85,J7/H7,D7*J7-(D7-E7)*K7) -> 493080.77 | M7: =SUMIFS(L:L,A:A,A7,B:B,B7,C:C,">="&C7) -> 5477071.8 | N7: =M7/J7 -> 55.427878 | P7: =IF(C7=0, 85-N7, "")
A8: 2010 | B8: Hombres | C8: 25 | D8: 5 | E8: 2.5 | F8: 168441 | G8: 180.71 | H8: =IFERROR(G8/F8,0) -> 0.0010728386 | I8: =IF(C8=85,1,(D8*H8)/(1+(D8-IF(E8="",D8/2,E8))*H8)) -> 0.005349844 | J8: =IF(OR(ROW()=2,A8<>A7,B8<>B7),100000,J7-K7) -> 98417.921 | K8: =J8*I8 -> 526.52052 | L8: =IF(C8=85,J8/H8,D8*J8-(D8-E8)*K8) -> 490773.3 | M8: =SUMIFS(L:L,A:A,A8,B:B,B8,C:C,">="&C8) -> 4983991 | N8: =M8/J8 -> 50.641092 | P8: =IF(C8=0, 85-N8, "")
A9: 2010 | B9: Hombres | C9: 30 | D9: 5 | E9: 2.5 | F9: 168441 | G9: 226.04 | H9: =IFERROR(G9/F9,0) -> 0.0013419536 | I9: =IF(C9=85,1,(D9*H9)/(1+(D9-IF(E9="",D9/2,E9))*H9)) -> 0.0066873326 | J9: =IF(OR(ROW()=2,A9<>A8,B9<>B8),100000,J8-K8) -> 97891.4 | K9: =J9*I9 -> 654.63235 | L9: =IF(C9=85,J9/H9,D9*J9-(D9-E9)*K9) -> 487820.42 | M9: =SUMIFS(L:L,A:A,A9,B:B,B9,C:C,">="&C9) -> 4493217.7 | N9: =M9/J9 -> 45.900025 | P9: =IF(C9=0, 85-N9, "")
A10: 2010 | B10: Hombres | C10: 35 | D10: 5 | E10: 2.5 | F10: 156409 | G10: 273.13 | H10: =IFERROR(G10/F10,0) -> 0.001746255 | I10: =IF(C10=85,1,(D10*H10)/(1+(D10-IF(E10="",D10/2,E10))*H10)) -> 0.0086933232 | J10: =IF(OR(ROW()=2,A10<>A9,B10<>B9),100000,J9-K9) -> 97236.768 | K10: =J10*I10 -> 845.31064 | L10: =IF(C10=85,J10/H10,D10*J10-(D10-E10)*K10) -> 484070.56 | M10: =SUMIFS(L:L,A:A,A10,B:B,B10,C:C,">="&C10) -> 4005397.3 | N10: =M10/J10 -> 41.192209 | P10: =IF(C10=0, 85-N10, "")
A11: 2010 | B11: Hombres | C11: 40 | D11: 5 | E11: 2.5 | F11: 144378 | G11: 349.68 | H11: =IFERROR(G11/F11,0) -> 0.0024219756 | I11: =IF(C11=85,1,(D11*H11)/(1+(D11-IF(E11="",D11/2,E11))*H11)) -> 0.012036995 | J11: =IF(OR(ROW()=2,A11<>A10,B11<>B10),100000,J10-K10) -> 96391.457 | K11: =J11*I11 -> 1160.2635 | L11: =IF(C11=85,J11/H11,D11*J11-(D11-E11)*K11) -> 479056.63 | M11: =SUMIFS(L:L,A:A,A11,B:B,B11,C:C,">="&C11) -> 3521326.7 | N11: =M11/J11 -> 36.531523 | P11: =IF(C11=0, 85-N11, "")
A12: 2010 | B12: Hombres | C12: 45 | D12: 5 | E12: 2.5 | F12: 132346 | G12: 500.3 | H12: =IFERROR(G12/F12,0) -> 0.0037802427 | I12: =IF(C12=85,1,(D12*H12)/(1+(D12-IF(E12="",D12/2,E12))*H12)) -> 0.018724258 | J12: =IF(OR(ROW()=2,A12<>A11,B12<>B11),100000,J11-K11) -> 95231.194 | K12: =J12*I12 -> 1783.1334 | L12: =IF(C12=85,J12/H12,D12*J12-(D12-E12)*K12) -> 471698.13 | M12: =SUMIFS(L:L,A:A,A12,B:B,B12,C:C,">="&C12) -> 3042270.1 | N12: =M12/J12 -> 31.946151 | P12: =IF(C12=0, 85-N12, "")
A13: 2010 | B13: Hombres | C13: 50 | D13: 5 | E13: 2.5 | F13: 120315 | G13: 718.6 | H13: =IFERROR(G13/F13,0) -> 0.0059726551 | I13: =IF(C13=85,1,(D13*H13)/(1+(D13-IF(E13="",D13/2,E13))*H13)) -> 0.029423928 | J13: =IF(OR(ROW()=2,A13<>A12,B13<>B12),100000,J12-K12) -> 93448.06 | K13: =J13*I13 -> 2749.609 | L13: =IF(C13=85,J13/H13,D13*J13-(D13-E13)*K13) -> 460366.28 | M13: =SUMIFS(L:L,A:A,A13,B:B,B13,C:C,">="&C13) -> 2570572 | N13: =M13/J13 -> 27.508029 | P13: =IF(C13=0, 85-N13, "")
... A19: 2010 | B19: Hombres | C19: 80 | D19: 5 | E19: 2.5 | F19: 48126 | G19: 4831.17 | H19: =IFERROR(G19/F19,0) -> 0.10038586 | I19: =IF(C19=85,1,(D19*H19)/(1+(D19-IF(E19="",D19/2,E19))*H19)) -> 0.40123381 | J19: =IF(OR(ROW()=2,A19<>A18,B19<>B18),100000,J18-K18) -> 42958.356 | K19: =J19*I19 -> 17236.345 | L19: =IF(C19=85,J19/H19,D19*J19-(D19-E19)*K19) -> 171700.92 | M19: =SUMIFS(L:L,A:A,A19,B:B,B19,C:C,">="&C19) -> 295165.15 | N19: =M19/J19 -> 6.8709601 | P19: =IF(C19=0, 85-N19, "")
A20: 2010 | B20: Hombres | C20: 85 | D20: 999 | F20: 36094 | G20: 7519.67 | H20: =IFERROR(G20/F20,0) -> 0.20833573 | I20: =IF(C20=85,1,(D20*H20)/(1+(D20-IF(E20="",D20/2,E20))*H20)) -> 1 | J20: =IF(OR(ROW()=2,A20<>A19,B20<>B19),100000,J19-K19) -> 25722.012 | K20: =J20*I20 -> 25722.012 | L20: =IF(C20=85,J20/H20,D20*J20-(D20-E20)*K20) -> 123464.23 | M20: =SUMIFS(L:L,A:A,A20,B:B,B20,C:C,">="&C20) -> 123464.23 | N20: =M20/J20 -> 4.7999447 | P20: =IF(C20=0, 85-N20, "")
A21: 2010 | B21: Mujeres | C21: 0 | D21: 1 | E21: 0.1 | F21: 36239 | G21: 137.09 | H21: =IFERROR(G21/F21,0) -> 0.003782941 | I21: =IF(C21=85,1,(D21*H21)/(1+(D21-IF(E21="",D21/2,E21))*H21)) -> 0.0037701052 | J21: =IF(OR(ROW()=2,A21<>A20,B21<>B20),100000,J20-K20) -> 100000 | K21: =J21*I21 -> 377.01052 | L21: =IF(C21=85,J21/H21,D21*J21-(D21-E21)*K21) -> 99660.691 | M21: =SUMIFS(L:L,A:A,A21,B:B,B21,C:C,">="&C21) -> 8029999.9 | N21: =M21/J21 -> 80.299999 | P21: =IF(C21=0, 85-N21, "") -> 4.7000012
A22: 2010 | B22: Mujeres | C22: 1 | D22: 4 | E22: 2 | F22: 144956 | G22: 32.37 | H22: =IFERROR(G22/F22,0) -> 0.00022330914 | I22: =IF(C22=85,1,(D22*H22)/(1+(D22-IF(E22="",D22/2,E22))*H22)) -> 0.00089283781 | J22: =IF(OR(ROW()=2,A22<>A21,B22<>B21),100000,J21-K21) -> 99622.989 | K22: =J22*I22 -> 88.947172 | L22: =IF(C22=85,J22/H22,D22*J22-(D22-E22)*K22) -> 398314.06 | M22: =SUMIFS(L:L,A:A,A22,B:B,B22,C:C,">="&C22) -> 7930339.2 | N22: =M22/J22 -> 79.603505 | P22: =IF(C22=0, 85-N22, "")
A23: 2010 | B23: Mujeres | C23: 5 | D23: 5 | E23: 2.5 | F23: 193275 | G23: 17.26 | H23: =IFERROR(G23/F23,0) -> 8.9302807e-05 | I23: =IF(C23=85,1,(D23*H23)/(1+(D23-IF(E23="",D23/2,E23))*H23)) -> 0.00044641437 | J23: =IF(OR(ROW()=2,A23<>A22,B23<>B22),100000,J22-K22) -> 99534.042 | K23: =J23*I23 -> 44.433427 | L23: =IF(C23=85,J23/H23,D23*J23-(D23-E23)*K23) -> 497559.13 | M23: =SUMIFS(L:L,A:A,A23,B:B,B23,C:C,">="&C23) -> 7532025.1 | N23: =M23/J23 -> 75.672855 | P23: =IF(C23=0, 85-N23, "")
A24: 2010 | B24: Mujeres | C24: 10 | D24: 5 | E24: 2.5 | F24: 193275 | G24: 21.1 | H24: =IFERROR(G24/F24,0) -> 0.00010917087 | I24: =IF(C24=85,1,(D24*H24)/(1+(D24-IF(E24="",D24/2,E24))*H24)) -> 0.00054570541 | J24: =IF(OR(ROW()=2,A24<>A23,B24<>B23),100000,J23-K23) -> 99489.609 | K24: =J24*I24 -> 54.292018 | L24: =IF(C24=85,J24/H24,D24*J24-(D24-E24)*K24) -> 497312.31 | M24: =SUMIFS(L:L,A:A,A24,B:B,B24,C:C,">="&C24) -> 7034466 | N24: =M24/J24 -> 70.705535 | P24: =IF(C24=0, 85-N24, "")
A25: 2010 | B25: Mujeres | C25: 15 | D25: 5 | E25: 2.5 | F25: 181196 | G25: 32.37 | H25: =IFERROR(G25/F25,0) -> 0.00017864633 | I25: =IF(C25=85,1,(D25*H25)/(1+(D25-IF(E25="",D25/2,E25))*H25)) -> 0.00089283289 | J25: =IF(OR(ROW()=2,A25<>A24,B25<>B24),100000,J24-K24) -> 99435.317 | K25: =J25*I25 -> 88.779121 | L25: =IF(C25=85,J25/H25,D25*J25-(D25-E25)*K25) -> 496954.64 | M25: =SUMIFS(L:L,A:A,A25,B:B,B25,C:C,">="&C25) -> 6537153.7 | N25: =M25/J25 -> 65.742775 | P25: =IF(C25=0, 85-N25, "")
A26: 2010 | B26: Mujeres | C26: 20 | D26: 5 | E26: 2.5 | F26: 181196 | G26: 43.17 | H26: =IFERROR(G26/F26,0) -> 0.00023825029 | I26: =IF(C26=85,1,(D26*H26)/(1+(D26-IF(E26="",D26/2,E26))*H26)) -> 0.0011905423 | J26: =IF(OR(ROW()=2,A26<>A25,B26<>B25),100000,J25-K25) -> 99346.538 | K26: =J26*I26 -> 118.27626 | L26: =IF(C26=85,J26/H26,D26*J26-(D26-E26)*K26) -> 496437 | M26: =SUMIFS(L:L,A:A,A26,B:B,B26,C:C,">="&C26) -> 6040199 | N26: =M26/J26 -> 60.799291 | P26: =IF(C26=0, 85-N26, "")
A27: 2010 | B27: Mujeres | C27: 25 | D27: 5 | E27: 2.5 | F27: 169116 | G27: 53.73 | H27: =IFERROR(G27/F27,0) -> 0.00031771092 | I27: =IF(C27=85,1,(D27*H27)/(1+(D27-IF(E27="",D27/2,E27))*H27)) -> 0.0015872939 | J27: =IF(OR(ROW()=2,A27<>A26,B27<>B26),100000,J26-K26) -> 99228.261 | K27: =J27*I27 -> 157.50441 | L27: =IF(C27=85,J27/H27,D27*J27-(D27-E27)*K27) -> 495747.55 | M27: =SUMIFS(L:L,A:A,A27,B:B,B27,C:C,">="&C27) -> 5543762 | N27: =M27/J27 -> 55.868781 | P27: =IF(C27=0, 85-N27, "")
A28: 2010 | B28: Mujeres | C28: 30 | D28: 5 | E28: 2.5 | F28: 169116 | G28: 73.9 | H28: =IFERROR(G28/F28,0) -> 0.00043697817 | I28: =IF(C28=85,1,(D28*H28)/(1+(D28-IF(E28="",D28/2,E28))*H28)) -> 0.0021825066 | J28: =IF(OR(ROW()=2,A28<>A27,B28<>B27),100000,J27-K27) -> 99070.757 | K28: =J28*I28 -> 216.22258 | L28: =IF(C28=85,J28/H28,D28*J28-(D28-E28)*K28) -> 494813.23 | M28: =SUMIFS(L:L,A:A,A28,B:B,B28,C:C,">="&C28) -> 5048014.5 | N28: =M28/J28 -> 50.953628 | P28: =IF(C28=0, 85-N28, "")
A29: 2010 | B29: Mujeres | C29: 35 | D29: 5 | E29: 2.5 | F29: 157036 | G29: 99.87 | H29: =IFERROR(G29/F29,0) -> 0.00063596882 | I29: =IF(C29=85,1,(D29*H29)/(1+(D29-IF(E29="",D29/2,E29))*H29)) -> 0.0031747964 | J29: =IF(OR(ROW()=2,A29<>A28,B29<>B28),100000,J28-K28) -> 98854.534 | K29: =J29*I29 -> 313.84302 | L29: =IF(C29=85,J29/H29,D29*J29-(D29-E29)*K29) -> 493488.06 | M29: =SUMIFS(L:L,A:A,A29,B:B,B29,C:C,">="&C29) -> 4553201.3 | N29: =M29/J29 -> 46.05961 | P29: =IF(C29=0, 85-N29, "")
A30: 2010 | B30: Mujeres | C30: 40 | D30: 5 | E30: 2.5 | F30: 144956 | G30: 144.17 | H30: =IFERROR(G30/F30,0) -> 0.00099457766 | I30: =IF(C30=85,1,(D30*H30)/(1+(D30-IF(E30="",D30/2,E30))*H30)) -> 0.0049605542 | J30: =IF(OR(ROW()=2,A30<>A29,B30<>B29),100000,J29-K29) -> 98540.691 | K30: =J30*I30 -> 488.81644 | L30: =IF(C30=85,J30/H30,D30*J30-(D30-E30)*K30) -> 491481.42 | M30: =SUMIFS(L:L,A:A,A30,B:B,B30,C:C,">="&C30) -> 4059713.2 | N30: =M30/J30 -> 41.198343 | P30: =IF(C30=0, 85-N30, "")
A31: 2010 | B31: Mujeres | C31: 45 | D31: 5 | E31: 2.5 | F31: 132877 | G31: 225.06 | H31: =IFERROR(G31/F31,0) -> 0.0016937468 | I31: =IF(C31=85,1,(D31*H31)/(1+(D31-IF(E31="",D31/2,E31))*H31)) -> 0.0084330257 | J31: =IF(OR(ROW()=2,A31<>A30,B31<>B30),100000,J30-K30) -> 98051.875 | K31: =J31*I31 -> 826.87398 | L31: =IF(C31=85,J31/H31,D31*J31-(D31-E31)*K31) -> 488192.19 | M31: =SUMIFS(L:L,A:A,A31,B:B,B31,C:C,">="&C31) -> 3568231.8 | N31: =M31/J31 -> 36.391265 | P31: =IF(C31=0, 85-N31, "")
A32: 2010 | B32: Mujeres | C32: 50 | D32: 5 | E32: 2.5 | F32: 120797 | G32: 337.91 | H32: =IFERROR(G32/F32,0) -> 0.0027973377 | I32: =IF(C32=85,1,(D32*H32)/(1+(D32-IF(E32="",D32/2,E32))*H32)) -> 0.013889554 | J32: =IF(OR(ROW()=2,A32<>A31,B32<>B31),100000,J31-K31) -> 97225.001 | K32: =J32*I32 -> 1350.4119 | L32: =IF(C32=85,J32/H32,D32*J32-(D32-E32)*K32) -> 482748.98 | M32: =SUMIFS(L:L,A:A,A32,B:B,B32,C:C,">="&C32) -> 3080039.6 | N32: =M32/J32 -> 31.679502 | P32: =IF(C32=0, 85-N32, "")
... A38: 2010 | B38: Mujeres | C38: 80 | D38: 5 | E38: 2.5 | F38: 48319 | G38: 3117.48 | H38: =IFERROR(G38/F38,0) -> 0.064518719 | I38: =IF(C38=85,1,(D38*H38)/(1+(D38-IF(E38="",D38/2,E38))*H38)) -> 0.27778738 | J38: =IF(OR(ROW()=2,A38<>A37,B38<>B37),100000,J37-K37) -> 62619.221 | K38: =J38*I38 -> 17394.829 | L38: =IF(C38=85,J38/H38,D38*J38-(D38-E38)*K38) -> 269609.03 | M38: =SUMIFS(L:L,A:A,A38,B:B,B38,C:C,">="&C38) -> 486685.58 | N38: =M38/J38 -> 7.7721437 | P38: =IF(C38=0, 85-N38, "")
A39: 2010 | B39: Mujeres | C39: 85 | D39: 999 | F39: 36239 | G39: 7549.81 | H39: =IFERROR(G39/F39,0) -> 0.20833384 | I39: =IF(C39=85,1,(D39*H39)/(1+(D39-IF(E39="",D39/2,E39))*H39)) -> 1 | J39: =IF(OR(ROW()=2,A39<>A38,B39<>B38),100000,J38-K38) -> 45224.392 | K39: =J39*I39 -> 45224.392 | L39: =IF(C39=85,J39/H39,D39*J39-(D39-E39)*K39) -> 217076.55 | M39: =SUMIFS(L:L,A:A,A39,B:B,B39,C:C,">="&C39) -> 217076.55 | N39: =M39/J39 -> 4.7999883 | P39: =IF(C39=0, 85-N39, "")
A40: 2019 | B40: Hombres | C40: 0 | D40: 1 | E40: 0.1 | F40: 43436 | G40: 258.14 | H40: =IFERROR(G40/F40,0) -> 0.0059429966 | I40: =IF(C40=85,1,(D40*H40)/(1+(D40-IF(E40="",D40/2,E40))*H40)) -> 0.0059113784 | J40: =IF(OR(ROW()=2,A40<>A39,B40<>B39),100000,J39-K39) -> 100000 | K40: =J40*I40 -> 591.13784 | L40: =IF(C40=85,J40/H40,D40*J40-(D40-E40)*K40) -> 99467.976 | M40: =SUMIFS(L:L,A:A,A40,B:B,B40,C:C,">="&C40) -> 7479999.5 | N40: =M40/J40 -> 74.799995 | P40: =IF(C40=0, 85-N40, "") -> 10.200005
A41: 2019 | B41: Hombres | C41: 1 | D41: 4 | E41: 2 | F41: 173745 | G41: 68.52 | H41: =IFERROR(G41/F41,0) -> 0.00039437106 | I41: =IF(C41=85,1,(D41*H41)/(1+(D41-IF(E41="",D41/2,E41))*H41)) -> 0.001576241 | J41: =IF(OR(ROW()=2,A41<>A40,B41<>B40),100000,J40-K40) -> 99408.862 | K41: =J41*I41 -> 156.69232 | L41: =IF(C41=85,J41/H41,D41*J41-(D41-E41)*K41) -> 397322.06 | M41: =SUMIFS(L:L,A:A,A41,B:B,B41,C:C,">="&C41) -> 7380531.5 | N41: =M41/J41 -> 74.244201 | P41: =IF(C41=0, 85-N41, "")
A42: 2019 | B42: Hombres | C42: 5 | D42: 5 | E42: 2.5 | F42: 231660 | G42: 36.53 | H42: =IFERROR(G42/F42,0) -> 0.00015768799 | I42: =IF(C42=85,1,(D42*H42)/(1+(D42-IF(E42="",D42/2,E42))*H42)) -> 0.00078812926 | J42: =IF(OR(ROW()=2,A42<>A41,B42<>B41),100000,J41-K41) -> 99252.17 | K42: =J42*I42 -> 78.223539 | L42: =IF(C42=85,J42/H42,D42*J42-(D42-E42)*K42) -> 496065.29 | M42: =SUMIFS(L:L,A:A,A42,B:B,B42,C:C,">="&C42) -> 6983209.5 | N42: =M42/J42 -> 70.358255 | P42: =IF(C42=0, 85-N42, "")
A43: 2019 | B43: Hombres | C43: 10 | D43: 5 | E43: 2.5 | F43: 231660 | G43: 48.72 | H43: =IFERROR(G43/F43,0) -> 0.00021030821 | I43: =IF(C43=85,1,(D43*H43)/(1+(D43-IF(E43="",D43/2,E43))*H43)) -> 0.0010509885 | J43: =IF(OR(ROW()=2,A43<>A42,B43<>B42),100000,J42-K42) -> 99173.946 | K43: =J43*I43 -> 104.23067 | L43: =IF(C43=85,J43/H43,D43*J43-(D43-E43)*K43) -> 495609.15 | M43: =SUMIFS(L:L,A:A,A43,B:B,B43,C:C,">="&C43) -> 6487144.2 | N43: =M43/J43 -> 65.411778 | P43: =IF(C43=0, 85-N43, "")
A44: 2019 | B44: Hombres | C44: 15 | D44: 5 | E44: 2.5 | F44: 217181 | G44: 102.83 | H44: =IFERROR(G44/F44,0) -> 0.00047347604 | I44: =IF(C44=85,1,(D44*H44)/(1+(D44-IF(E44="",D44/2,E44))*H44)) -> 0.0023645813 | J44: =IF(OR(ROW()=2,A44<>A43,B44<>B43),100000,J43-K43) -> 99069.716 | K44: =J44*I44 -> 234.25839 | L44: =IF(C44=85,J44/H44,D44*J44-(D44-E44)*K44) -> 494762.93 | M44: =SUMIFS(L:L,A:A,A44,B:B,B44,C:C,">="&C44) -> 5991535 | N44: =M44/J44 -> 60.477967 | P44: =IF(C44=0, 85-N44, "")
A45: 2019 | B45: Hombres | C45: 20 | D45: 5 | E45: 2.5 | F45: 217181 | G45: 171.51 | H45: =IFERROR(G45/F45,0) -> 0.00078970997 | I45: =IF(C45=85,1,(D45*H45)/(1+(D45-IF(E45="",D45/2,E45))*H45)) -> 0.0039407697 | J45: =IF(OR(ROW()=2,A45<>A44,B45<>B44),100000,J44-K44) -> 98835.457 | K45: =J45*I45 -> 389.48777 | L45: =IF(C45=85,J45/H45,D45*J45-(D45-E45)*K45) -> 493203.57 | M45: =SUMIFS(L:L,A:A,A45,B:B,B45,C:C,">="&C45) -> 5496772.1 | N45: =M45/J45 -> 55.615386 | P45: =IF(C45=0, 85-N45, "")
A46: 2019 | B46: Hombres | C46: 25 | D46: 5 | E46: 2.5 | F46: 202703 | G46: 213.58 | H46: =IFERROR(G46/F46,0) -> 0.0010536598 | I46: =IF(C46=85,1,(D46*H46)/(1+(D46-IF(E46="",D46/2,E46))*H46)) -> 0.0052544579 | J46: =IF(OR(ROW()=2,A46<>A45,B46<>B45),100000,J45-K45) -> 98445.969 | K46: =J46*I46 -> 517.2802 | L46: =IF(C46=85,J46/H46,D46*J46-(D46-E46)*K46) -> 490936.65 | M46: =SUMIFS(L:L,A:A,A46,B:B,B46,C:C,">="&C46) -> 5003568.5 | N46: =M46/J46 -> 50.825529 | P46: =IF(C46=0, 85-N46, "")
A47: 2019 | B47: Hombres | C47: 30 | D47: 5 | E47: 2.5 | F47: 202703 | G47: 267.15 | H47: =IFERROR(G47/F47,0) -> 0.0013179381 | I47: =IF(C47=85,1,(D47*H47)/(1+(D47-IF(E47="",D47/2,E47))*H47)) -> 0.0065680496 | J47: =IF(OR(ROW()=2,A47<>A46,B47<>B46),100000,J46-K46) -> 97928.689 | K47: =J47*I47 -> 643.20049 | L47: =IF(C47=85,J47/H47,D47*J47-(D47-E47)*K47) -> 488035.45 | M47: =SUMIFS(L:L,A:A,A47,B:B,B47,C:C,">="&C47) -> 4512631.9 | N47: =M47/J47 -> 46.080795 | P47: =IF(C47=0, 85-N47, "")
A48: 2019 | B48: Hombres | C48: 35 | D48: 5 | E48: 2.5 | F48: 188224 | G48: 322.81 | H48: =IFERROR(G48/F48,0) -> 0.001715031 | I48: =IF(C48=85,1,(D48*H48)/(1+(D48-IF(E48="",D48/2,E48))*H48)) -> 0.0085385455 | J48: =IF(OR(ROW()=2,A48<>A47,B48<>B47),100000,J47-K47) -> 97285.489 | K48: =J48*I48 -> 830.67657 | L48: =IF(C48=85,J48/H48,D48*J48-(D48-E48)*K48) -> 484350.75 | M48: =SUMIFS(L:L,A:A,A48,B:B,B48,C:C,">="&C48) -> 4024596.4 | N48: =M48/J48 -> 41.368928 | P48: =IF(C48=0, 85-N48, "")
A49: 2019 | B49: Hombres | C49: 40 | D49: 5 | E49: 2.5 | F49: 173745 | G49: 413.27 | H49: =IFERROR(G49/F49,0) -> 0.0023786008 | I49: =IF(C49=85,1,(D49*H49)/(1+(D49-IF(E49="",D49/2,E49))*H49)) -> 0.0118227 | J49: =IF(OR(ROW()=2,A49<>A48,B49<>B48),100000,J48-K48) -> 96454.812 | K49: =J49*I49 -> 1140.3563 | L49: =IF(C49=85,J49/H49,D49*J49-(D49-E49)*K49) -> 479423.17 | M49: =SUMIFS(L:L,A:A,A49,B:B,B49,C:C,">="&C49) -> 3540245.7 | N49: =M49/J49 -> 36.703671 | P49: =IF(C49=0, 85-N49, "")
A50: 2019 | B50: Hombres | C50: 45 | D50: 5 | E50: 2.5 | F50: 159266 | G50: 591.24 | H50: =IFERROR(G50/F50,0) -> 0.0037122801 | I50: =IF(C50=85,1,(D50*H50)/(1+(D50-IF(E50="",D50/2,E50))*H50)) -> 0.018390722 | J50: =IF(OR(ROW()=2,A50<>A49,B50<>B49),100000,J49-K49) -> 95314.456 | K50: =J50*I50 -> 1752.9016 | L50: =IF(C50=85,J50/H50,D50*J50-(D50-E50)*K50) -> 472190.03 | M50: =SUMIFS(L:L,A:A,A50,B:B,B50,C:C,">="&C50) -> 3060822.5 | N50: =M50/J50 -> 32.112889 | P50: =IF(C50=0, 85-N50, "")
A51: 2019 | B51: Hombres | C51: 50 | D51: 5 | E51: 2.5 | F51: 144788 | G51: 849.13 | H51: =IFERROR(G51/F51,0) -> 0.0058646435 | I51: =IF(C51=85,1,(D51*H51)/(1+(D51-IF(E51="",D51/2,E51))*H51)) -> 0.028899504 | J51: =IF(OR(ROW()=2,A51<>A50,B51<>B50),100000,J50-K50) -> 93561.554 | K51: =J51*I51 -> 2703.8825 | L51: =IF(C51=85,J51/H51,D51*J51-(D51-E51)*K51) -> 461048.06 | M51: =SUMIFS(L:L,A:A,A51,B:B,B51,C:C,">="&C51) -> 2588632.5 | N51: =M51/J51 -> 27.667694 | P51: =IF(C51=0, 85-N51, "")
... A57: 2019 | B57: Hombres | C57: 80 | D57: 5 | E57: 2.5 | F57: 57915 | G57: 5684.85 | H57: =IFERROR(G57/F57,0) -> 0.098158508 | I57: =IF(C57=85,1,(D57*H57)/(1+(D57-IF(E57="",D57/2,E57))*H57)) -> 0.39408544 | J57: =IF(OR(ROW()=2,A57<>A56,B57<>B56),100000,J56-K56) -> 43675.577 | K57: =J57*I57 -> 17211.909 | L57: =IF(C57=85,J57/H57,D57*J57-(D57-E57)*K57) -> 175348.11 | M57: =SUMIFS(L:L,A:A,A57,B:B,B57,C:C,">="&C57) -> 302372.97 | N57: =M57/J57 -> 6.9231591 | P57: =IF(C57=0, 85-N57, "")
A58: 2019 | B58: Hombres | C58: 85 | D58: 999 | F58: 43436 | G58: 9049.22 | H58: =IFERROR(G58/F58,0) -> 0.20833456 | I58: =IF(C58=85,1,(D58*H58)/(1+(D58-IF(E58="",D58/2,E58))*H58)) -> 1 | J58: =IF(OR(ROW()=2,A58<>A57,B58<>B57),100000,J57-K57) -> 26463.668 | K58: =J58*I58 -> 26463.668 | L58: =IF(C58=85,J58/H58,D58*J58-(D58-E58)*K58) -> 127024.86 | M58: =SUMIFS(L:L,A:A,A58,B:B,B58,C:C,">="&C58) -> 127024.86 | N58: =M58/J58 -> 4.7999717 | P58: =IF(C58=0, 85-N58, "")
A59: 2019 | B59: Mujeres | C59: 0 | D59: 1 | E59: 0.1 | F59: 43610 | G59: 160.79 | H59: =IFERROR(G59/F59,0) -> 0.0036869984 | I59: =IF(C59=85,1,(D59*H59)/(1+(D59-IF(E59="",D59/2,E59))*H59)) -> 0.0036748043 | J59: =IF(OR(ROW()=2,A59<>A58,B59<>B58),100000,J58-K58) -> 100000 | K59: =J59*I59 -> 367.48043 | L59: =IF(C59=85,J59/H59,D59*J59-(D59-E59)*K59) -> 99669.268 | M59: =SUMIFS(L:L,A:A,A59,B:B,B59,C:C,">="&C59) -> 8049994.9 | N59: =M59/J59 -> 80.499949 | P59: =IF(C59=0, 85-N59, "") -> 4.5000512
A60: 2019 | B60: Mujeres | C60: 1 | D60: 4 | E60: 2 | F60: 174441 | G60: 37.97 | H60: =IFERROR(G60/F60,0) -> 0.00021766672 | I60: =IF(C60=85,1,(D60*H60)/(1+(D60-IF(E60="",D60/2,E60))*H60)) -> 0.00087028801 | J60: =IF(OR(ROW()=2,A60<>A59,B60<>B59),100000,J59-K59) -> 99632.52 | K60: =J60*I60 -> 86.708987 | L60: =IF(C60=85,J60/H60,D60*J60-(D60-E60)*K60) -> 398356.66 | M60: =SUMIFS(L:L,A:A,A60,B:B,B60,C:C,">="&C60) -> 7950325.6 | N60: =M60/J60 -> 79.796493 | P60: =IF(C60=0, 85-N60, "")
A61: 2019 | B61: Mujeres | C61: 5 | D61: 5 | E61: 2.5 | F61: 232589 | G61: 20.25 | H61: =IFERROR(G61/F61,0) -> 8.7063447e-05 | I61: =IF(C61=85,1,(D61*H61)/(1+(D61-IF(E61="",D61/2,E61))*H61)) -> 0.0004352225 | J61: =IF(OR(ROW()=2,A61<>A60,B61<>B60),100000,J60-K60) -> 99545.811 | K61: =J61*I61 -> 43.324577 | L61: =IF(C61=85,J61/H61,D61*J61-(D61-E61)*K61) -> 497620.74 | M61: =SUMIFS(L:L,A:A,A61,B:B,B61,C:C,">="&C61) -> 7551969 | N61: =M61/J61 -> 75.864257 | P61: =IF(C61=0, 85-N61, "")
A62: 2019 | B62: Mujeres | C62: 10 | D62: 5 | E62: 2.5 | F62: 232589 | G62: 24.75 | H62: =IFERROR(G62/F62,0) -> 0.00010641088 | I62: =IF(C62=85,1,(D62*H62)/(1+(D62-IF(E62="",D62/2,E62))*H62)) -> 0.00053191289 | J62: =IF(OR(ROW()=2,A62<>A61,B62<>B61),100000,J61-K61) -> 99502.486 | K62: =J62*I62 -> 52.926655 | L62: =IF(C62=85,J62/H62,D62*J62-(D62-E62)*K62) -> 497380.11 | M62: =SUMIFS(L:L,A:A,A62,B:B,B62,C:C,">="&C62) -> 7054348.2 | N62: =M62/J62 -> 70.896201 | P62: =IF(C62=0, 85-N62, "")
A63: 2019 | B63: Mujeres | C63: 15 | D63: 5 | E63: 2.5 | F63: 218052 | G63: 37.97 | H63: =IFERROR(G63/F63,0) -> 0.00017413278 | I63: =IF(C63=85,1,(D63*H63)/(1+(D63-IF(E63="",D63/2,E63))*H63)) -> 0.00087028502 | J63: =IF(OR(ROW()=2,A63<>A62,B63<>B62),100000,J62-K62) -> 99449.559 | K63: =J63*I63 -> 86.549461 | L63: =IF(C63=85,J63/H63,D63*J63-(D63-E63)*K63) -> 497031.42 | M63: =SUMIFS(L:L,A:A,A63,B:B,B63,C:C,">="&C63) -> 6556968.1 | N63: =M63/J63 -> 65.932601 | P63: =IF(C63=0, 85-N63, "")
A64: 2019 | B64: Mujeres | C64: 20 | D64: 5 | E64: 2.5 | F64: 218052 | G64: 50.64 | H64: =IFERROR(G64/F64,0) -> 0.00023223818 | I64: =IF(C64=85,1,(D64*H64)/(1+(D64-IF(E64="",D64/2,E64))*H64)) -> 0.0011605171 | J64: =IF(OR(ROW()=2,A64<>A63,B64<>B63),100000,J63-K63) -> 99363.01 | K64: =J64*I64 -> 115.31247 | L64: =IF(C64=85,J64/H64,D64*J64-(D64-E64)*K64) -> 496526.77 | M64: =SUMIFS(L:L,A:A,A64,B:B,B64,C:C,">="&C64) -> 6059936.7 | N64: =M64/J64 -> 60.987853 | P64: =IF(C64=0, 85-N64, "")
A65: 2019 | B65: Mujeres | C65: 25 | D65: 5 | E65: 2.5 | F65: 203515 | G65: 63.03 | H65: =IFERROR(G65/F65,0) -> 0.0003097069 | I65: =IF(C65=85,1,(D65*H65)/(1+(D65-IF(E65="",D65/2,E65))*H65)) -> 0.0015473365 | J65: =IF(OR(ROW()=2,A65<>A64,B65<>B64),100000,J64-K64) -> 99247.697 | K65: =J65*I65 -> 153.56958 | L65: =IF(C65=85,J65/H65,D65*J65-(D65-E65)*K65) -> 495854.56 | M65: =SUMIFS(L:L,A:A,A65,B:B,B65,C:C,">="&C65) -> 5563409.9 | N65: =M65/J65 -> 56.055808 | P65: =IF(C65=0, 85-N65, "")
A66: 2019 | B66: Mujeres | C66: 30 | D66: 5 | E66: 2.5 | F66: 203515 | G66: 86.69 | H66: =IFERROR(G66/F66,0) -> 0.00042596369 | I66: =IF(C66=85,1,(D66*H66)/(1+(D66-IF(E66="",D66/2,E66))*H66)) -> 0.0021275528 | J66: =IF(OR(ROW()=2,A66<>A65,B66<>B65),100000,J65-K65) -> 99094.128 | K66: =J66*I66 -> 210.82799 | L66: =IF(C66=85,J66/H66,D66*J66-(D66-E66)*K66) -> 494943.57 | M66: =SUMIFS(L:L,A:A,A66,B:B,B66,C:C,">="&C66) -> 5067555.3 | N66: =M66/J66 -> 51.138806 | P66: =IF(C66=0, 85-N66, "")
A67: 2019 | B67: Mujeres | C67: 35 | D67: 5 | E67: 2.5 | F67: 188978 | G67: 117.14 | H67: =IFERROR(G67/F67,0) -> 0.00061986051 | I67: =IF(C67=85,1,(D67*H67)/(1+(D67-IF(E67="",D67/2,E67))*H67)) -> 0.0030945072 | J67: =IF(OR(ROW()=2,A67<>A66,B67<>B66),100000,J66-K66) -> 98883.3 | K67: =J67*I67 -> 305.99508 | L67: =IF(C67=85,J67/H67,D67*J67-(D67-E67)*K67) -> 493651.51 | M67: =SUMIFS(L:L,A:A,A67,B:B,B67,C:C,">="&C67) -> 4572611.8 | N67: =M67/J67 -> 46.242508 | P67: =IF(C67=0, 85-N67, "")
A68: 2019 | B68: Mujeres | C68: 40 | D68: 5 | E68: 2.5 | F68: 174441 | G68: 169.1 | H68: =IFERROR(G68/F68,0) -> 0.0009693822 | I68: =IF(C68=85,1,(D68*H68)/(1+(D68-IF(E68="",D68/2,E68))*H68)) -> 0.0048351931 | J68: =IF(OR(ROW()=2,A68<>A67,B68<>B67),100000,J67-K67) -> 98577.305 | K68: =J68*I68 -> 476.64031 | L68: =IF(C68=85,J68/H68,D68*J68-(D68-E68)*K68) -> 491694.92 | M68: =SUMIFS(L:L,A:A,A68,B:B,B68,C:C,">="&C68) -> 4078960.3 | N68: =M68/J68 -> 41.37829 | P68: =IF(C68=0, 85-N68, "")
A69: 2019 | B69: Mujeres | C69: 45 | D69: 5 | E69: 2.5 | F69: 159905 | G69: 263.96 | H69: =IFERROR(G69/F69,0) -> 0.0016507301 | I69: =IF(C69=85,1,(D69*H69)/(1+(D69-IF(E69="",D69/2,E69))*H69)) -> 0.0082197292 | J69: =IF(OR(ROW()=2,A69<>A68,B69<>B68),100000,J68-K68) -> 98100.664 | K69: =J69*I69 -> 806.3609 | L69: =IF(C69=85,J69/H69,D69*J69-(D69-E69)*K69) -> 488487.42 | M69: =SUMIFS(L:L,A:A,A69,B:B,B69,C:C,">="&C69) -> 3587265.3 | N69: =M69/J69 -> 36.567187 | P69: =IF(C69=0, 85-N69, "")
A70: 2019 | B70: Mujeres | C70: 50 | D70: 5 | E70: 2.5 | F70: 145368 | G70: 396.29 | H70: =IFERROR(G70/F70,0) -> 0.0027261158 | I70: =IF(C70=85,1,(D70*H70)/(1+(D70-IF(E70="",D70/2,E70))*H70)) -> 0.013538311 | J70: =IF(OR(ROW()=2,A70<>A69,B70<>B69),100000,J69-K69) -> 97294.304 | K70: =J70*I70 -> 1317.2006 | L70: =IF(C70=85,J70/H70,D70*J70-(D70-E70)*K70) -> 483178.52 | M70: =SUMIFS(L:L,A:A,A70,B:B,B70,C:C,">="&C70) -> 3098777.9 | N70: =M70/J70 -> 31.849531 | P70: =IF(C70=0, 85-N70, "")
... A76: 2019 | B76: Mujeres | C76: 80 | D76: 5 | E76: 2.5 | F76: 58147 | G76: 3641.91 | H76: =IFERROR(G76/F76,0) -> 0.06263281 | I76: =IF(C76=85,1,(D76*H76)/(1+(D76-IF(E76="",D76/2,E76))*H76)) -> 0.27076683 | J76: =IF(OR(ROW()=2,A76<>A75,B76<>B75),100000,J75-K75) -> 63408.139 | K76: =J76*I76 -> 17168.821 | L76: =IF(C76=85,J76/H76,D76*J76-(D76-E76)*K76) -> 274118.64 | M76: =SUMIFS(L:L,A:A,A76,B:B,B76,C:C,">="&C76) -> 496065.58 | N76: =M76/J76 -> 7.8233739 | P76: =IF(C76=0, 85-N76, "")
A77: 2019 | B77: Mujeres | C77: 85 | D77: 999 | F77: 43610 | G77: 9085.49 | H77: =IFERROR(G77/F77,0) -> 0.20833501 | I77: =IF(C77=85,1,(D77*H77)/(1+(D77-IF(E77="",D77/2,E77))*H77)) -> 1 | J77: =IF(OR(ROW()=2,A77<>A76,B77<>B76),100000,J76-K76) -> 46239.318 | K77: =J77*I77 -> 46239.318 | L77: =IF(C77=85,J77/H77,D77*J77-(D77-E77)*K77) -> 221946.94 | M77: =SUMIFS(L:L,A:A,A77,B:B,B77,C:C,">="&C77) -> 221946.94 | N77: =M77/J77 -> 4.7999613 | P77: =IF(C77=0, 85-N77, "")
A78: 2021 | B78: Hombres | C78: 0 | D78: 1 | E78: 0.1 | F78: 44867 | G78: 319.28 | H78: =IFERROR(G78/F78,0) -> 0.0071161433 | I78: =IF(C78=85,1,(D78*H78)/(1+(D78-IF(E78="",D78/2,E78))*H78)) -> 0.0070708578 | J78: =IF(OR(ROW()=2,A78<>A77,B78<>B77),100000,J77-K77) -> 100000 | K78: =J78*I78 -> 707.08578 | L78: =IF(C78=85,J78/H78,D78*J78-(D78-E78)*K78) -> 99363.623 | M78: =SUMIFS(L:L,A:A,A78,B:B,B78,C:C,">="&C78) -> 6709999.6 | N78: =M78/J78 -> 67.099996 | P78: =IF(C78=0, 85-N78, "") -> 17.900004
A79: 2021 | B79: Hombres | C79: 1 | D79: 4 | E79: 2 | F79: 179468 | G79: 84.72 | H79: =IFERROR(G79/F79,0) -> 0.00047206187 | I79: =IF(C79=85,1,(D79*H79)/(1+(D79-IF(E79="",D79/2,E79))*H79)) -> 0.0018864664 | J79: =IF(OR(ROW()=2,A79<>A78,B79<>B78),100000,J78-K78) -> 99292.914 | K79: =J79*I79 -> 187.31275 | L79: =IF(C79=85,J79/H79,D79*J79-(D79-E79)*K79) -> 396797.03 | M79: =SUMIFS(L:L,A:A,A79,B:B,B79,C:C,">="&C79) -> 6610636 | N79: =M79/J79 -> 66.577118 | P79: =IF(C79=0, 85-N79, "")
A80: 2021 | B80: Hombres | C80: 5 | D80: 5 | E80: 2.5 | F80: 239290 | G80: 45.27 | H80: =IFERROR(G80/F80,0) -> 0.00018918467 | I80: =IF(C80=85,1,(D80*H80)/(1+(D80-IF(E80="",D80/2,E80))*H80)) -> 0.00094547618 | J80: =IF(OR(ROW()=2,A80<>A79,B80<>B79),100000,J79-K79) -> 99105.601 | K80: =J80*I80 -> 93.701986 | L80: =IF(C80=85,J80/H80,D80*J80-(D80-E80)*K80) -> 495293.75 | M80: =SUMIFS(L:L,A:A,A80,B:B,B80,C:C,">="&C80) -> 6213839 | N80: =M80/J80 -> 62.69917 | P80: =IF(C80=0, 85-N80, "")
A81: 2021 | B81: Hombres | C81: 10 | D81: 5 | E81: 2.5 | F81: 239290 | G81: 60.68 | H81: =IFERROR(G81/F81,0) -> 0.00025358352 | I81: =IF(C81=85,1,(D81*H81)/(1+(D81-IF(E81="",D81/2,E81))*H81)) -> 0.0012671143 | J81: =IF(OR(ROW()=2,A81<>A80,B81<>B80),100000,J80-K80) -> 99011.899 | K81: =J81*I81 -> 125.45939 | L81: =IF(C81=85,J81/H81,D81*J81-(D81-E81)*K81) -> 494745.85 | M81: =SUMIFS(L:L,A:A,A81,B:B,B81,C:C,">="&C81) -> 5718545.2 | N81: =M81/J81 -> 57.756141 | P81: =IF(C81=0, 85-N81, "")
A82: 2021 | B82: Hombres | C82: 15 | D82: 5 | E82: 2.5 | F82: 224334 | G82: 129.29 | H82: =IFERROR(G82/F82,0) -> 0.00057632815 | I82: =IF(C82=85,1,(D82*H82)/(1+(D82-IF(E82="",D82/2,E82))*H82)) -> 0.0028774948 | J82: =IF(OR(ROW()=2,A82<>A81,B82<>B81),100000,J81-K81) -> 98886.44 | K82: =J82*I82 -> 284.54522 | L82: =IF(C82=85,J82/H82,D82*J82-(D82-E82)*K82) -> 493720.84 | M82: =SUMIFS(L:L,A:A,A82,B:B,B82,C:C,">="&C82) -> 5223799.4 | N82: =M82/J82 -> 52.826246 | P82: =IF(C82=0, 85-N82, "")
A83: 2021 | B83: Hombres | C83: 20 | D83: 5 | E83: 2.5 | F83: 224334 | G83: 219.34 | H83: =IFERROR(G83/F83,0) -> 0.00097773855 | I83: =IF(C83=85,1,(D83*H83)/(1+(D83-IF(E83="",D83/2,E83))*H83)) -> 0.0048767722 | J83: =IF(OR(ROW()=2,A83<>A82,B83<>B82),100000,J82-K82) -> 98601.895 | K83: =J83*I83 -> 480.85898 | L83: =IF(C83=85,J83/H83,D83*J83-(D83-E83)*K83) -> 491807.33 | M83: =SUMIFS(L:L,A:A,A83,B:B,B83,C:C,">="&C83) -> 4730078.6 | N83: =M83/J83 -> 47.971477 | P83: =IF(C83=0, 85-N83, "")
A84: 2021 | B84: Hombres | C84: 25 | D84: 5 | E84: 2.5 | F84: 209379 | G84: 281.21 | H84: =IFERROR(G84/F84,0) -> 0.0013430669 | I84: =IF(C84=85,1,(D84*H84)/(1+(D84-IF(E84="",D84/2,E84))*H84)) -> 0.006692862 | J84: =IF(OR(ROW()=2,A84<>A83,B84<>B83),100000,J83-K83) -> 98121.036 | K84: =J84*I84 -> 656.71055 | L84: =IF(C84=85,J84/H84,D84*J84-(D84-E84)*K84) -> 488963.4 | M84: =SUMIFS(L:L,A:A,A84,B:B,B84,C:C,">="&C84) -> 4238271.2 | N84: =M84/J84 -> 43.194318 | P84: =IF(C84=0, 85-N84, "")
A85: 2021 | B85: Hombres | C85: 30 | D85: 5 | E85: 2.5 | F85: 209379 | G85: 368.8 | H85: =IFERROR(G85/F85,0) -> 0.0017613992 | I85: =IF(C85=85,1,(D85*H85)/(1+(D85-IF(E85="",D85/2,E85))*H85)) -> 0.0087683844 | J85: =IF(OR(ROW()=2,A85<>A84,B85<>B84),100000,J84-K84) -> 97464.325 | K85: =J85*I85 -> 854.60467 | L85: =IF(C85=85,J85/H85,D85*J85-(D85-E85)*K85) -> 485185.12 | M85: =SUMIFS(L:L,A:A,A85,B:B,B85,C:C,">="&C85) -> 3749307.8 | N85: =M85/J85 -> 38.468515 | P85: =IF(C85=0, 85-N85, "")
A86: 2021 | B86: Hombres | C86: 35 | D86: 5 | E86: 2.5 | F86: 194423 | G86: 478.14 | H86: =IFERROR(G86/F86,0) -> 0.0024592769 | I86: =IF(C86=85,1,(D86*H86)/(1+(D86-IF(E86="",D86/2,E86))*H86)) -> 0.012221246 | J86: =IF(OR(ROW()=2,A86<>A85,B86<>B85),100000,J85-K85) -> 96609.721 | K86: =J86*I86 -> 1180.6912 | L86: =IF(C86=85,J86/H86,D86*J86-(D86-E86)*K86) -> 480096.88 | M86: =SUMIFS(L:L,A:A,A86,B:B,B86,C:C,">="&C86) -> 3264122.7 | N86: =M86/J86 -> 33.78669 | P86: =IF(C86=0, 85-N86, "")
A87: 2021 | B87: Hombres | C87: 40 | D87: 5 | E87: 2.5 | F87: 179468 | G87: 670.94 | H87: =IFERROR(G87/F87,0) -> 0.0037384938 | I87: =IF(C87=85,1,(D87*H87)/(1+(D87-IF(E87="",D87/2,E87))*H87)) -> 0.018519382 | J87: =IF(OR(ROW()=2,A87<>A86,B87<>B86),100000,J86-K86) -> 95429.03 | K87: =J87*I87 -> 1767.2867 | L87: =IF(C87=85,J87/H87,D87*J87-(D87-E87)*K87) -> 472726.93 | M87: =SUMIFS(L:L,A:A,A87,B:B,B87,C:C,">="&C87) -> 2784025.8 | N87: =M87/J87 -> 29.173783 | P87: =IF(C87=0, 85-N87, "")
A88: 2021 | B88: Hombres | C88: 45 | D88: 5 | E88: 2.5 | F88: 164512 | G88: 1063.03 | H88: =IFERROR(G88/F88,0) -> 0.0064617171 | I88: =IF(C88=85,1,(D88*H88)/(1+(D88-IF(E88="",D88/2,E88))*H88)) -> 0.03179496 | J88: =IF(OR(ROW()=2,A88<>A87,B88<>B87),100000,J87-K87) -> 93661.743 | K88: =J88*I88 -> 2977.9714 | L88: =IF(C88=85,J88/H88,D88*J88-(D88-E88)*K88) -> 460863.79 | M88: =SUMIFS(L:L,A:A,A88,B:B,B88,C:C,">="&C88) -> 2311298.9 | N88: =M88/J88 -> 24.677086 | P88: =IF(C88=0, 85-N88, "")
A89: 2021 | B89: Hombres | C89: 50 | D89: 5 | E89: 2.5 | F89: 149556 | G89: 1680.81 | H89: =IFERROR(G89/F89,0) -> 0.011238666 | I89: =IF(C89=85,1,(D89*H89)/(1+(D89-IF(E89="",D89/2,E89))*H89)) -> 0.054657635 | J89: =IF(OR(ROW()=2,A89<>A88,B89<>B88),100000,J88-K88) -> 90683.771 | K89: =J89*I89 -> 4956.5605 | L89: =IF(C89=85,J89/H89,D89*J89-(D89-E89)*K89) -> 441027.46 | M89: =SUMIFS(L:L,A:A,A89,B:B,B89,C:C,">="&C89) -> 1850435.1 | N89: =M89/J89 -> 20.405361 | P89: =IF(C89=0, 85-N89, "")
... A95: 2021 | B95: Hombres | C95: 80 | D95: 5 | E95: 2.5 | F95: 59823 | G95: 19089.82 | H95: =IFERROR(G95/F95,0) -> 0.31910503 | I95: =IF(C95=85,1,(D95*H95)/(1+(D95-IF(E95="",D95/2,E95))*H95)) -> 0.88750604 | J95: =IF(OR(ROW()=2,A95<>A94,B95<>B94),100000,J94-K94) -> 12708.227 | K95: =J95*I95 -> 11278.628 | L95: =IF(C95=85,J95/H95,D95*J95-(D95-E95)*K95) -> 35344.565 | M95: =SUMIFS(L:L,A:A,A95,B:B,B95,C:C,">="&C95) -> 42206.655 | N95: =M95/J95 -> 3.3212072 | P95: =IF(C95=0, 85-N95, "")
A96: 2021 | B96: Hombres | C96: 85 | D96: 999 | F96: 44867 | G96: 9347.27 | H96: =IFERROR(G96/F96,0) -> 0.20833285 | I96: =IF(C96=85,1,(D96*H96)/(1+(D96-IF(E96="",D96/2,E96))*H96)) -> 1 | J96: =IF(OR(ROW()=2,A96<>A95,B96<>B95),100000,J95-K95) -> 1429.5988 | K96: =J96*I96 -> 1429.5988 | L96: =IF(C96=85,J96/H96,D96*J96-(D96-E96)*K96) -> 6862.0902 | M96: =SUMIFS(L:L,A:A,A96,B:B,B96,C:C,">="&C96) -> 6862.0902 | N96: =M96/J96 -> 4.8000111 | P96: =IF(C96=0, 85-N96, "")
A97: 2021 | B97: Mujeres | C97: 0 | D97: 1 | E97: 0.1 | F97: 45047 | G97: 169.52 | H97: =IFERROR(G97/F97,0) -> 0.0037631807 | I97: =IF(C97=85,1,(D97*H97)/(1+(D97-IF(E97="",D97/2,E97))*H97)) -> 0.0037504783 | J97: =IF(OR(ROW()=2,A97<>A96,B97<>B96),100000,J96-K96) -> 100000 | K97: =J97*I97 -> 375.04783 | L97: =IF(C97=85,J97/H97,D97*J97-(D97-E97)*K97) -> 99662.457 | M97: =SUMIFS(L:L,A:A,A97,B:B,B97,C:C,">="&C97) -> 7559998.6 | N97: =M97/J97 -> 75.599986 | P97: =IF(C97=0, 85-N97, "") -> 9.4000144
A98: 2021 | B98: Mujeres | C98: 1 | D98: 4 | E98: 2 | F98: 180187 | G98: 40.05 | H98: =IFERROR(G98/F98,0) -> 0.00022226909 | I98: =IF(C98=85,1,(D98*H98)/(1+(D98-IF(E98="",D98/2,E98))*H98)) -> 0.0008886813 | J98: =IF(OR(ROW()=2,A98<>A97,B98<>B97),100000,J97-K97) -> 99624.952 | K98: =J98*I98 -> 88.534832 | L98: =IF(C98=85,J98/H98,D98*J98-(D98-E98)*K98) -> 398322.74 | M98: =SUMIFS(L:L,A:A,A98,B:B,B98,C:C,">="&C98) -> 7460336.1 | N98: =M98/J98 -> 74.884213 | P98: =IF(C98=0, 85-N98, "")
A99: 2021 | B99: Mujeres | C99: 5 | D99: 5 | E99: 2.5 | F99: 240249 | G99: 21.4 | H99: =IFERROR(G99/F99,0) -> 8.9074252e-05 | I99: =IF(C99=85,1,(D99*H99)/(1+(D99-IF(E99="",D99/2,E99))*H99)) -> 0.0004452721 | J99: =IF(OR(ROW()=2,A99<>A98,B99<>B98),100000,J98-K98) -> 99536.417 | K99: =J99*I99 -> 44.32079 | L99: =IF(C99=85,J99/H99,D99*J99-(D99-E99)*K99) -> 497571.28 | M99: =SUMIFS(L:L,A:A,A99,B:B,B99,C:C,">="&C99) -> 7062013.4 | N99: =M99/J99 -> 70.949041 | P99: =IF(C99=0, 85-N99, "")
A100: 2021 | B100: Mujeres | C100: 10 | D100: 5 | E100: 2.5 | F100: 240249 | G100: 26.3 | H100: =IFERROR(G100/F100,0) -> 0.00010946976 | I100: =IF(C100=85,1,(D100*H100)/(1+(D100-IF(E100="",D100/2,E100))*H100)) -> 0.00054719904 | J100: =IF(OR(ROW()=2,A100<>A99,B100<>B99),100000,J99-K99) -> 99492.097 | K100: =J100*I100 -> 54.44198 | L100: =IF(C100=85,J100/H100,D100*J100-(D100-E100)*K100) -> 497324.38 | M100: =SUMIFS(L:L,A:A,A100,B:B,B100,C:C,">="&C100) -> 6564442.1 | N100: =M100/J100 -> 65.979533 | P100: =IF(C100=0, 85-N100, "")
A101: 2021 | B101: Mujeres | C101: 15 | D101: 5 | E101: 2.5 | F101: 225234 | G101: 40.73 | H101: =IFERROR(G101/F101,0) -> 0.00018083415 | I101: =IF(C101=85,1,(D101*H101)/(1+(D101-IF(E101="",D101/2,E101))*H101)) -> 0.0009037622 | J101: =IF(OR(ROW()=2,A101<>A100,B101<>B100),100000,J100-K100) -> 99437.655 | K101: =J101*I101 -> 89.867993 | L101: =IF(C101=85,J101/H101,D101*J101-(D101-E101)*K101) -> 496963.6 | M101: =SUMIFS(L:L,A:A,A101,B:B,B101,C:C,">="&C101) -> 6067117.7 | N101: =M101/J101 -> 61.014288 | P101: =IF(C101=0, 85-N101, "")
A102: 2021 | B102: Mujeres | C102: 20 | D102: 5 | E102: 2.5 | F102: 225234 | G102: 55.23 | H102: =IFERROR(G102/F102,0) -> 0.00024521165 | I102: =IF(C102=85,1,(D102*H102)/(1+(D102-IF(E102="",D102/2,E102))*H102)) -> 0.0012253071 | J102: =IF(OR(ROW()=2,A102<>A101,B102<>B101),100000,J101-K101) -> 99347.787 | K102: =J102*I102 -> 121.73155 | L102: =IF(C102=85,J102/H102,D102*J102-(D102-E102)*K102) -> 496434.6 | M102: =SUMIFS(L:L,A:A,A102,B:B,B102,C:C,">="&C102) -> 5570154.1 | N102: =M102/J102 -> 56.067219 | P102: =IF(C102=0, 85-N102, "")
A103: 2021 | B103: Mujeres | C103: 25 | D103: 5 | E103: 2.5 | F103: 210218 | G103: 70.76 | H103: =IFERROR(G103/F103,0) -> 0.00033660296 | I103: =IF(C103=85,1,(D103*H103)/(1+(D103-IF(E103="",D103/2,E103))*H103)) -> 0.0016815997 | J103: =IF(OR(ROW()=2,A103<>A102,B103<>B102),100000,J102-K102) -> 99226.055 | K103: =J103*I103 -> 166.8585 | L103: =IF(C103=85,J103/H103,D103*J103-(D103-E103)*K103) -> 495713.13 | M103: =SUMIFS(L:L,A:A,A103,B:B,B103,C:C,">="&C103) -> 5073719.5 | N103: =M103/J103 -> 51.132936 | P103: =IF(C103=0, 85-N103, "")
A104: 2021 | B104: Mujeres | C104: 30 | D104: 5 | E104: 2.5 | F104: 210218 | G104: 102.01 | H104: =IFERROR(G104/F104,0) -> 0.00048525816 | I104: =IF(C104=85,1,(D104*H104)/(1+(D104-IF(E104="",D104/2,E104))*H104)) -> 0.0024233509 | J104: =IF(OR(ROW()=2,A104<>A103,B104<>B103),100000,J103-K103) -> 99059.197 | K104: =J104*I104 -> 240.0552 | L104: =IF(C104=85,J104/H104,D104*J104-(D104-E104)*K104) -> 494695.84 | M104: =SUMIFS(L:L,A:A,A104,B:B,B104,C:C,">="&C104) -> 4578006.4 | N104: =M104/J104 -> 46.214855 | P104: =IF(C104=0, 85-N104, "")
A105: 2021 | B105: Mujeres | C105: 35 | D105: 5 | E105: 2.5 | F105: 195202 | G105: 147.82 | H105: =IFERROR(G105/F105,0) -> 0.00075726683 | I105: =IF(C105=85,1,(D105*H105)/(1+(D105-IF(E105="",D105/2,E105))*H105)) -> 0.0037791795 | J105: =IF(OR(ROW()=2,A105<>A104,B105<>B104),100000,J104-K104) -> 98819.141 | K105: =J105*I105 -> 373.45528 | L105: =IF(C105=85,J105/H105,D105*J105-(D105-E105)*K105) -> 493162.07 | M105: =SUMIFS(L:L,A:A,A105,B:B,B105,C:C,">="&C105) -> 4083310.5 | N105: =M105/J105 -> 41.321048 | P105: =IF(C105=0, 85-N105, "")
A106: 2021 | B106: Mujeres | C106: 40 | D106: 5 | E106: 2.5 | F106: 180187 | G106: 233.64 | H106: =IFERROR(G106/F106,0) -> 0.0012966529 | I106: =IF(C106=85,1,(D106*H106)/(1+(D106-IF(E106="",D106/2,E106))*H106)) -> 0.0064623162 | J106: =IF(OR(ROW()=2,A106<>A105,B106<>B105),100000,J105-K105) -> 98445.686 | K106: =J106*I106 -> 636.18715 | L106: =IF(C106=85,J106/H106,D106*J106-(D106-E106)*K106) -> 490637.96 | M106: =SUMIFS(L:L,A:A,A106,B:B,B106,C:C,">="&C106) -> 3590148.5 | N106: =M106/J106 -> 36.468317 | P106: =IF(C106=0, 85-N106, "")
A107: 2021 | B107: Mujeres | C107: 45 | D107: 5 | E107: 2.5 | F107: 165171 | G107: 402.99 | H107: =IFERROR(G107/F107,0) -> 0.0024398351 | I107: =IF(C107=85,1,(D107*H107)/(1+(D107-IF(E107="",D107/2,E107))*H107)) -> 0.012125217 | J107: =IF(OR(ROW()=2,A107<>A106,B107<>B106),100000,J106-K106) -> 97809.499 | K107: =J107*I107 -> 1185.9614 | L107: =IF(C107=85,J107/H107,D107*J107-(D107-E107)*K107) -> 486082.59 | M107: =SUMIFS(L:L,A:A,A107,B:B,B107,C:C,">="&C107) -> 3099510.5 | N107: =M107/J107 -> 31.689258 | P107: =IF(C107=0, 85-N107, "")
A108: 2021 | B108: Mujeres | C108: 50 | D108: 5 | E108: 2.5 | F108: 150156 | G108: 663.33 | H108: =IFERROR(G108/F108,0) -> 0.0044176057 | I108: =IF(C108=85,1,(D108*H108)/(1+(D108-IF(E108="",D108/2,E108))*H108)) -> 0.021846753 | J108: =IF(OR(ROW()=2,A108<>A107,B108<>B107),100000,J107-K107) -> 96623.538 | K108: =J108*I108 -> 2110.9105 | L108: =IF(C108=85,J108/H108,D108*J108-(D108-E108)*K108) -> 477840.41 | M108: =SUMIFS(L:L,A:A,A108,B:B,B108,C:C,">="&C108) -> 2613427.9 | N108: =M108/J108 -> 27.047529 | P108: =IF(C108=0, 85-N108, "")
... A114: 2021 | B114: Mujeres | C114: 80 | D114: 5 | E114: 2.5 | F114: 60062 | G114: 8447.53 | H114: =IFERROR(G114/F114,0) -> 0.14064683 | I114: =IF(C114=85,1,(D114*H114)/(1+(D114-IF(E114="",D114/2,E114))*H114)) -> 0.52029097 | J114: =IF(OR(ROW()=2,A114<>A113,B114<>B113),100000,J113-K113) -> 41248.69 | K114: =J114*I114 -> 21461.321 | L114: =IF(C114=85,J114/H114,D114*J114-(D114-E114)*K114) -> 152590.15 | M114: =SUMIFS(L:L,A:A,A114,B:B,B114,C:C,">="&C114) -> 247570.14 | N114: =M114/J114 -> 6.0018911 | P114: =IF(C114=0, 85-N114, "")
A115: 2021 | B115: Mujeres | C115: 85 | D115: 999 | F115: 45047 | G115: 9384.73 | H115: =IFERROR(G115/F115,0) -> 0.20833196 | I115: =IF(C115=85,1,(D115*H115)/(1+(D115-IF(E115="",D115/2,E115))*H115)) -> 1 | J115: =IF(OR(ROW()=2,A115<>A114,B115<>B114),100000,J114-K114) -> 19787.369 | K115: =J115*I115 -> 19787.369 | L115: =IF(C115=85,J115/H115,D115*J115-(D115-E115)*K115) -> 94979.995 | M115: =SUMIFS(L:L,A:A,A115,B:B,B115,C:C,">="&C115) -> 94979.995 | N115: =M115/J115 -> 4.8000315 | P115: =IF(C115=0, 85-N115, "")

Sheet Resumen_EV
A1: anio | B1: sexo | C1: e0_calculada | D1: e0_referencia | E1: diferencia | F1: comentario | H1: Año | I1: Hombres | J1: Mujeres
A2: 2010 | B2: Hombres | C2: =SUMIFS(base_nuevo_leon!N:N, base_nuevo_leon!A:A,A2,base_nuevo_leon!B:B,B2,base_nuevo_leon!C:C,0) -> 74.599951 | D2: 74.6 | E2: =C2-D2 -> -4.9335575e-05 | F2: Referencia pre-pandemia | H2: 2010 | I2: 74.6 | J2: 80.3
A3: 2010 | B3: Mujeres | C3: =SUMIFS(base_nuevo_leon!N:N, base_nuevo_leon!A:A,A3,base_nuevo_leon!B:B,B3,base_nuevo_leon!C:C,0) -> 80.299999 | D3: 80.3 | E3: =C3-D3 -> -1.2342976e-06 | F3: Referencia pre-pandemia | H3: 2019 | I3: 74.8 | J3: 80.5
A4: 2019 | B4: Hombres | C4: =SUMIFS(base_nuevo_leon!N:N, base_nuevo_leon!A:A,A4,base_nuevo_leon!B:B,B4,base_nuevo_leon!C:C,0) -> 74.799995 | D4: 74.8 | E4: =C4-D4 -> -5.0262118e-06 | F4: Referencia pre-pandemia | H4: 2021 | I4: 67.1 | J4: 75.6
A5: 2019 | B5: Mujeres | C5: =SUMIFS(base_nuevo_leon!N:N, base_nuevo_leon!A:A,A5,base_nuevo_leon!B:B,B5,base_nuevo_leon!C:C,0) -> 80.499949 | D5: 80.5 | E5: =C5-D5 -> -5.1178023e-05 | F5: Referencia pre-pandemia
A6: 2021 | B6: Hombres | C6: =SUMIFS(base_nuevo_leon!N:N, base_nuevo_leon!A:A,A6,base_nuevo_leon!B:B,B6,base_nuevo_leon!C:C,0) -> 67.099996 | D6: 67.1 | E6: =C6-D6 -> -3.512476e-06 | F6: Disminución en 2021 por efecto COVID
A7: 2021 | B7: Mujeres | C7: =SUMIFS(base_nuevo_leon!N:N, base_nuevo_leon!A:A,A7,base_nuevo_leon!B:B,B7,base_nuevo_leon!C:C,0) -> 75.599986 | D7: 75.6 | E7: =C7-D7 -> -1.4367127e-05 | F7: Disminución en 2021 por efecto COVID
