Workbook

Sheet tabla_vida_2019
A1: año | B1: sexo | C1: edad_inicio | D1: n | E1: ax | F1: poblacion | G1: defunciones | H1: mx | I1: qx | J1: lx | K1: dx | L1: Lx | M1: Tx | N1: ex | O1: homicidios_2019 | P1: defunciones_corregidas | Q1: mx_corregida | R1: qx_corregida | S1: lx_corregida | T1: dx_corregida | U1: Lx_corregida | V1: Tx_corregida | W1: ex_corregida
A2: 2019 | B2: Hombres | C2: 0 | D2: 1 | E2: 0.1 | F2: 43436 | G2: 258.14 | H2: =G2/F2 -> 0.0059429966 | I2: =(D2*H2)/(1+(D2-E2)*H2) -> 0.0059113784 | J2: =100000 -> 100000 | K2: =J2*I2 -> 591.13784 | L2: =D2*J3+E2*K2 -> 99467.976 | M2: =L2+M3 -> 7479999.5 | N2: =M2/J2 -> 74.799995 | O2: 5 | P2: =G2-O2 -> 253.14 | Q2: =P2/F2 -> 0.0058278847 | R2: =(D2*Q2)/(1+(D2-E2)*Q2) -> 0.0057974764 | S2: =100000 -> 100000 | T2: =S2*R2 -> 579.74764 | U2: =D2*S3+E2*T2 -> 99478.227 | V2: =U2+V3 -> 7567296.4 | W2: =V2/S2 -> 75.672964
A3: 2019 | B3: Hombres | C3: 1 | D3: 4 | E3: 2 | F3: 173745 | G3: 68.52 | H3: =G3/F3 -> 0.00039437106 | I3: =(D3*H3)/(1+(D3-E3)*H3) -> 0.001576241 | J3: =J2-K2 -> 99408.862 | K3: =J3*I3 -> 156.69232 | L3: =D3*J4+E3*K3 -> 397322.06 | M3: =L3+M4 -> 7380531.5 | N3: =M3/J3 -> 74.244201 | O3: 0 | P3: =G3-O3 -> 68.52 | Q3: =P3/F3 -> 0.00039437106 | R3: =(D3*Q3)/(1+(D3-E3)*Q3) -> 0.001576241 | S3: =S2-T2 -> 99420.252 | T3: =S3*R3 -> 156.71028 | U3: =D3*S4+E3*T3 -> 397367.59 | V3: =U3+V4 -> 7467818.2 | W3: =V3/S3 -> 75.113651
A4: 2019 | B4: Hombres | C4: 5 | D4: 5 | E4: 2.5 | F4: 231660 | G4: 36.53 | H4: =G4/F4 -> 0.00015768799 | I4: =(D4*H4)/(1+(D4-E4)*H4) -> 0.00078812926 | J4: =J3-K3 -> 99252.17 | K4: =J4*I4 -> 78.223539 | L4: =D4*J5+E4*K4 -> 496065.29 | M4: =L4+M5 -> 6983209.5 | N4: =M4/J4 -> 70.358255 | O4: 0 | P4: =G4-O4 -> 36.53 | Q4: =P4/F4 -> 0.00015768799 | R4: =(D4*Q4)/(1+(D4-E4)*Q4) -> 0.00078812926 | S4: =S3-T3 -> 99263.542 | T4: =S4*R4 -> 78.232502 | U4: =D4*S5+E4*T4 -> 496122.13 | V4: =U4+V5 -> 7070450.6 | W4: =V4/S4 -> 71.229078
A5: 2019 | B5: Hombres | C5: 10 | D5: 5 | E5: 2.5 | F5: 231660 | G5: 48.72 | H5: =G5/F5 -> 0.00021030821 | I5: =(D5*H5)/(1+(D5-E5)*H5) -> 0.0010509885 | J5: =J4-K4 -> 99173.946 | K5: =J5*I5 -> 104.23067 | L5: =D5*J6+E5*K5 -> 495609.15 | M5: =L5+M6 -> 6487144.2 | N5: =M5/J5 -> 65.411778 | O5: 4 | P5: =G5-O5 -> 44.72 | Q5: =P5/F5 -> 0.00019304153 | R5: =(D5*Q5)/(1+(D5-E5)*Q5) -> 0.00096474204 | S5: =S4-T4 -> 99185.31 | T5: =S5*R5 -> 95.688238 | U5: =D5*S6+E5*T5 -> 495687.33 | V5: =U5+V6 -> 6574328.4 | W5: =V5/S5 -> 66.283288
A6: 2019 | B6: Hombres | C6: 15 | D6: 5 | E6: 2.5 | F6: 217181 | G6: 102.83 | H6: =G6/F6 -> 0.00047347604 | I6: =(D6*H6)/(1+(D6-E6)*H6) -> 0.0023645813 | J6: =J5-K5 -> 99069.716 | K6: =J6*I6 -> 234.25839 | L6: =D6*J7+E6*K6 -> 494762.93 | M6: =L6+M7 -> 5991535 | N6: =M6/J6 -> 60.477967 | O6: 64 | P6: =G6-O6 -> 38.83 | Q6: =P6/F6 -> 0.00017879096 | R6: =(D6*Q6)/(1+(D6-E6)*Q6) -> 0.00089355541 | S6: =S5-T5 -> 99089.621 | T6: =S6*R6 -> 88.542068 | U6: =D6*S7+E6*T6 -> 495226.75 | V6: =U6+V7 -> 6078641.1 | W6: =V6/S6 -> 61.344882
A7: 2019 | B7: Hombres | C7: 20 | D7: 5 | E7: 2.5 | F7: 217181 | G7: 171.51 | H7: =G7/F7 -> 0.00078970997 | I7: =(D7*H7)/(1+(D7-E7)*H7) -> 0.0039407697 | J7: =J6-K6 -> 98835.457 | K7: =J7*I7 -> 389.48777 | L7: =D7*J8+E7*K7 -> 493203.57 | M7: =L7+M8 -> 5496772.1 | N7: =M7/J7 -> 55.615386 | O7: 150 | P7: =G7-O7 -> 21.51 | Q7: =P7/F7 -> 9.9041813e-05 | R7: =(D7*Q7)/(1+(D7-E7)*Q7) -> 0.00049508648 | S7: =S6-T6 -> 99001.079 | T7: =S7*R7 -> 49.014096 | U7: =D7*S8+E7*T7 -> 494882.86 | V7: =U7+V8 -> 5583414.4 | W7: =V7/S7 -> 56.39751
A8: 2019 | B8: Hombres | C8: 25 | D8: 5 | E8: 2.5 | F8: 202703 | G8: 213.58 | H8: =G8/F8 -> 0.0010536598 | I8: =(D8*H8)/(1+(D8-E8)*H8) -> 0.0052544579 | J8: =J7-K7 -> 98445.969 | K8: =J8*I8 -> 517.2802 | L8: =D8*J9+E8*K8 -> 490936.65 | M8: =L8+M9 -> 5003568.5 | N8: =M8/J8 -> 50.825529 | O8: 143 | P8: =G8-O8 -> 70.58 | Q8: =P8/F8 -> 0.00034819416 | R8: =(D8*Q8)/(1+(D8-E8)*Q8) -> 0.0017394566 | S8: =S7-T7 -> 98952.065 | T8: =S8*R8 -> 172.12282 | U8: =D8*S9+E8*T8 -> 494330.02 | V8: =U8+V9 -> 5088531.5 | W8: =V8/S8 -> 51.424207
A9: 2019 | B9: Hombres | C9: 30 | D9: 5 | E9: 2.5 | F9: 202703 | G9: 267.15 | H9: =G9/F9 -> 0.0013179381 | I9: =(D9*H9)/(1+(D9-E9)*H9) -> 0.0065680496 | J9: =J8-K8 -> 97928.689 | K9: =J9*I9 -> 643.20049 | L9: =D9*J10+E9*K9 -> 488035.45 | M9: =L9+M10 -> 4512631.9 | N9: =M9/J9 -> 46.080795 | O9: 111 | P9: =G9-O9 -> 156.15 | Q9: =P9/F9 -> 0.00077033887 | R9: =(D9*Q9)/(1+(D9-E9)*Q9) -> 0.0038442908 | S9: =S8-T8 -> 98779.942 | T9: =S9*R9 -> 379.73883 | U9: =D9*S10+E9*T9 -> 492950.36 | V9: =U9+V10 -> 4594201.5 | W9: =V9/S9 -> 46.509457
A10: 2019 | B10: Hombres | C10: 35 | D10: 5 | E10: 2.5 | F10: 188224 | G10: 322.81 | H10: =G10/F10 -> 0.001715031 | I10: =(D10*H10)/(1+(D10-E10)*H10) -> 0.0085385455 | J10: =J9-K9 -> 97285.489 | K10: =J10*I10 -> 830.67657 | L10: =D10*J11+E10*K10 -> 484350.75 | M10: =L10+M11 -> 4024596.4 | N10: =M10/J10 -> 41.368928 | O10: 100 | P10: =G10-O10 -> 222.81 | Q10: =P10/F10 -> 0.0011837491 | R10: =(D10*Q10)/(1+(D10-E10)*Q10) -> 0.0059012817 | S10: =S9-T9 -> 98400.204 | T10: =S10*R10 -> 580.68732 | U10: =D10*S11+E10*T10 -> 490549.3 | V10: =U10+V11 -> 4101251.1 | W10: =V10/S10 -> 41.679295
A11: 2019 | B11: Hombres | C11: 40 | D11: 5 | E11: 2.5 | F11: 173745 | G11: 413.27 | H11: =G11/F11 -> 0.0023786008 | I11: =(D11*H11)/(1+(D11-E11)*H11) -> 0.0118227 | J11: =J10-K10 -> 96454.812 | K11: =J11*I11 -> 1140.3563 | L11: =D11*J12+E11*K11 -> 479423.17 | M11: =L11+M12 -> 3540245.7 | N11: =M11/J11 -> 36.703671 | O11: 65 | P11: =G11-O11 -> 348.27 | Q11: =P11/F11 -> 0.0020044893 | R11: =(D11*Q11)/(1+(D11-E11)*Q11) -> 0.0099724724 | S11: =S10-T10 -> 97819.516 | T11: =S11*R11 -> 975.50243 | U11: =D11*S12+E11*T11 -> 486658.83 | V11: =U11+V12 -> 3610701.8 | W11: =V11/S11 -> 36.911876
A12: 2019 | B12: Hombres | C12: 45 | D12: 5 | E12: 2.5 | F12: 159266 | G12: 591.24 | H12: =G12/F12 -> 0.0037122801 | I12: =(D12*H12)/(1+(D12-E12)*H12) -> 0.018390722 | J12: =J11-K11 -> 95314.456 | K12: =J12*I12 -> 1752.9016 | L12: =D12*J13+E12*K12 -> 472190.03 | M12: =L12+M13 -> 3060822.5 | N12: =M12/J12 -> 32.112889 | O12: 70 | P12: =G12-O12 -> 521.24 | Q12: =P12/F12 -> 0.0032727638 | R12: =(D12*Q12)/(1+(D12-E12)*Q12) -> 0.016231018 | S12: =S11-T11 -> 96844.014 | T12: =S12*R12 -> 1571.877 | U12: =D12*S13+E12*T12 -> 480290.38 | V12: =U12+V13 -> 3124043 | W12: =V12/S12 -> 32.258504
A13: 2019 | B13: Hombres | C13: 50 | D13: 5 | E13: 2.5 | F13: 144788 | G13: 849.13 | H13: =G13/F13 -> 0.0058646435 | I13: =(D13*H13)/(1+(D13-E13)*H13) -> 0.028899504 | J13: =J12-K12 -> 93561.554 | K13: =J13*I13 -> 2703.8825 | L13: =D13*J14+E13*K13 -> 461048.06 | M13: =L13+M14 -> 2588632.5 | N13: =M13/J13 -> 27.667694 | O13: 46 | P13: =G13-O13 -> 803.13 | Q13: =P13/F13 -> 0.0055469376 | R13: =(D13*Q13)/(1+(D13-E13)*Q13) -> 0.027355342 | S13: =S12-T12 -> 95272.137 | T13: =S13*R13 -> 2606.2019 | U13: =D13*S14+E13*T13 -> 469845.18 | V13: =U13+V14 -> 2643752.6 | W13: =V13/S13 -> 27.749484
A14: 2019 | B14: Hombres | C14: 55 | D14: 5 | E14: 2.5 | F14: 130309 | G14: 1226.42 | H14: =G14/F14 -> 0.0094116293 | I14: =(D14*H14)/(1+(D14-E14)*H14) -> 0.045976365 | J14: =J13-K13 -> 90857.672 | K14: =J14*I14 -> 4177.3055 | L14: =D14*J15+E14*K14 -> 443845.09 | M14: =L14+M15 -> 2127584.4 | N14: =M14/J14 -> 23.416673 | O14: 33 | P14: =G14-O14 -> 1193.42 | Q14: =P14/F14 -> 0.0091583851 | R14: =(D14*Q14)/(1+(D14-E14)*Q14) -> 0.044766943 | S14: =S13-T13 -> 92665.935 | T14: =S14*R14 -> 4148.3706 | U14: =D14*S15+E14*T14 -> 452958.75 | V14: =U14+V15 -> 2173907.4 | W14: =V14/S14 -> 23.459618
... A19: 2019 | B19: Hombres | C19: 80 | D19: 5 | E19: 2.5 | F19: 57915 | G19: 5684.85 | H19: =G19/F19 -> 0.098158508 | I19: =(D19*H19)/(1+(D19-E19)*H19) -> 0.39408544 | J19: =J18-K18 -> 43675.577 | K19: =J19*I19 -> 17211.909 | L19: =D19*J20+E19*K19 -> 175348.11 | M19: =L19+M20 -> 302372.97 | N19: =M19/J19 -> 6.9231591 | O19: 0 | P19: =G19-O19 -> 5684.85 | Q19: =P19/F19 -> 0.098158508 | R19: =(D19*Q19)/(1+(D19-E19)*Q19) -> 0.39408544 | S19: =S18-T18 -> 44664.353 | T19: =S19*R19 -> 17601.571 | U19: =D19*S20+E19*T19 -> 179317.84 | V19: =U19+V20 -> 309232.78 | W19: =V19/S19 -> 6.9234806
A20: 2019 | B20: Hombres | C20: 85 | D20: 999 | F20: 43436 | G20: 9049.22 | H20: =G20/F20 -> 0.20833456 | I20: =(D20*H20)/(1+(D20-E20)*H20) -> 0.9952182 | J20: =J19-K19 -> 26463.668 | K20: =J20*I20 -> 26337.124 | L20: =J20/H20 -> 127024.86 | M20: =L20 -> 127024.86 | N20: =M20/J20 -> 4.7999717 | O20: 1 | P20: =G20-O20 -> 9048.22 | Q20: =P20/F20 -> 0.20831154 | R20: =1 -> 1 | S20: =S19-T19 -> 27062.782 | T20: =S20*R20 -> 27062.782 | U20: =S20/Q20 -> 129914.94 | V20: =U20 -> 129914.94 | W20: =V20/S20 -> 4.8005022
A21: 2019 | B21: Mujeres | C21: 0 | D21: 1 | E21: 0.1 | F21: 43610 | G21: 160.79 | H21: =G21/F21 -> 0.0036869984 | I21: =(D21*H21)/(1+(D21-E21)*H21) -> 0.0036748043 | J21: =100000 -> 100000 | K21: =J21*I21 -> 367.48043 | L21: =D21*J22+E21*K21 -> 99669.268 | M21: =L21+M22 -> 9323954.9 | N21: =M21/J21 -> 93.239549 | O21: 0 | P21: =G21-O21 -> 160.79 | Q21: =P21/F21 -> 0.0036869984 | R21: =(D21*Q21)/(1+(D21-E21)*Q21) -> 0.0036748043 | S21: =100000 -> 100000 | T21: =S21*R21 -> 367.48043 | U21: =D21*S22+E21*T21 -> 99669.268 | V21: =U21+V22 -> 9338638.1 | W21: =V21/S21 -> 93.386381
A22: 2019 | B22: Mujeres | C22: 1 | D22: 4 | E22: 2 | F22: 174441 | G22: 37.97 | H22: =G22/F22 -> 0.00021766672 | I22: =(D22*H22)/(1+(D22-E22)*H22) -> 0.00087028801 | J22: =J21-K21 -> 99632.52 | K22: =J22*I22 -> 86.708987 | L22: =D22*J23+E22*K22 -> 398356.66 | M22: =L22+M23 -> 9224285.6 | N22: =M22/J22 -> 92.583081 | O22: 2 | P22: =G22-O22 -> 35.97 | Q22: =P22/F22 -> 0.00020620152 | R22: =(D22*Q22)/(1+(D22-E22)*Q22) -> 0.00082446608 | S22: =S21-T21 -> 99632.52 | T22: =S22*R22 -> 82.143633 | U22: =D22*S23+E22*T22 -> 398365.79 | V22: =U22+V23 -> 9238968.8 | W22: =V22/S22 -> 92.730454
A23: 2019 | B23: Mujeres | C23: 5 | D23: 5 | E23: 2.5 | F23: 232589 | G23: 20.25 | H23: =G23/F23 -> 8.7063447e-05 | I23: =(D23*H23)/(1+(D23-E23)*H23) -> 0.0004352225 | J23: =J22-K22 -> 99545.811 | K23: =J23*I23 -> 43.324577 | L23: =D23*J24+E23*K23 -> 497620.74 | M23: =L23+M24 -> 8825929 | N23: =M23/J23 -> 88.661983 | O23: 2 | P23: =G23-O23 -> 18.25 | Q23: =P23/F23 -> 7.8464588e-05 | R23: =(D23*Q23)/(1+(D23-E23)*Q23) -> 0.000392246 | S23: =S22-T22 -> 99550.376 | T23: =S23*R23 -> 39.048236 | U23: =D23*S24+E23*T23 -> 497654.26 | V23: =U23+V24 -> 8840603 | W23: =V23/S23 -> 88.80532
A24: 2019 | B24: Mujeres | C24: 10 | D24: 5 | E24: 2.5 | F24: 232589 | G24: 24.75 | H24: =G24/F24 -> 0.00010641088 | I24: =(D24*H24)/(1+(D24-E24)*H24) -> 0.00053191289 | J24: =J23-K23 -> 99502.486 | K24: =J24*I24 -> 52.926655 | L24: =D24*J25+E24*K24 -> 497380.11 | M24: =L24+M25 -> 8328308.2 | N24: =M24/J24 -> 83.699499 | O24: 3 | P24: =G24-O24 -> 21.75 | Q24: =P24/F24 -> 9.3512591e-05 | R24: =(D24*Q24)/(1+(D24-E24)*Q24) -> 0.00046745367 | S24: =S23-T23 -> 99511.328 | T24: =S24*R24 -> 46.516936 | U24: =D24*S25+E24*T24 -> 497440.35 | V24: =U24+V25 -> 8342948.8 | W24: =V24/S24 -> 83.839186
A25: 2019 | B25: Mujeres | C25: 15 | D25: 5 | E25: 2.5 | F25: 218052 | G25: 37.97 | H25: =G25/F25 -> 0.00017413278 | I25: =(D25*H25)/(1+(D25-E25)*H25) -> 0.00087028502 | J25: =J24-K24 -> 99449.559 | K25: =J25*I25 -> 86.549461 | L25: =D25*J26+E25*K25 -> 497031.42 | M25: =L25+M26 -> 7830928.1 | N25: =M25/J25 -> 78.742713 | O25: 7 | P25: =G25-O25 -> 30.97 | Q25: =P25/F25 -> 0.00014203034 | R25: =(D25*Q25)/(1+(D25-E25)*Q25) -> 0.00070989964 | S25: =S24-T24 -> 99464.811 | T25: =S25*R25 -> 70.610033 | U25: =D25*S26+E25*T25 -> 497147.53 | V25: =U25+V26 -> 7845508.4 | W25: =V25/S25 -> 78.877227
A26: 2019 | B26: Mujeres | C26: 20 | D26: 5 | E26: 2.5 | F26: 218052 | G26: 50.64 | H26: =G26/F26 -> 0.00023223818 | I26: =(D26*H26)/(1+(D26-E26)*H26) -> 0.0011605171 | J26: =J25-K25 -> 99363.01 | K26: =J26*I26 -> 115.31247 | L26: =D26*J27+E26*K26 -> 496526.77 | M26: =L26+M27 -> 7333896.7 | N26: =M26/J26 -> 73.809124 | O26: 17 | P26: =G26-O26 -> 33.64 | Q26: =P26/F26 -> 0.00015427513 | R26: =(D26*Q26)/(1+(D26-E26)*Q26) -> 0.00077107824 | S26: =S25-T25 -> 99394.201 | T26: =S26*R26 -> 76.640705 | U26: =D26*S27+E26*T26 -> 496779.4 | V26: =U26+V27 -> 7348360.9 | W26: =V26/S26 -> 73.931485
A27: 2019 | B27: Mujeres | C27: 25 | D27: 5 | E27: 2.5 | F27: 203515 | G27: 63.03 | H27: =G27/F27 -> 0.0003097069 | I27: =(D27*H27)/(1+(D27-E27)*H27) -> 0.0015473365 | J27: =J26-K26 -> 99247.697 | K27: =J27*I27 -> 153.56958 | L27: =D27*J28+E27*K27 -> 495854.56 | M27: =L27+M28 -> 6837369.9 | N27: =M27/J27 -> 68.891975 | O27: 16 | P27: =G27-O27 -> 47.03 | Q27: =P27/F27 -> 0.00023108862 | R27: =(D27*Q27)/(1+(D27-E27)*Q27) -> 0.0011547759 | S27: =S26-T26 -> 99317.56 | T27: =S27*R27 -> 114.68953 | U27: =D27*S28+E27*T27 -> 496301.08 | V27: =U27+V28 -> 6851581.5 | W27: =V27/S27 -> 68.986607
A28: 2019 | B28: Mujeres | C28: 30 | D28: 5 | E28: 2.5 | F28: 203515 | G28: 86.69 | H28: =G28/F28 -> 0.00042596369 | I28: =(D28*H28)/(1+(D28-E28)*H28) -> 0.0021275528 | J28: =J27-K27 -> 99094.128 | K28: =J28*I28 -> 210.82799 | L28: =D28*J29+E28*K28 -> 494943.57 | M28: =L28+M29 -> 6341515.3 | N28: =M28/J28 -> 63.994865 | O28: 12 | P28: =G28-O28 -> 74.69 | Q28: =P28/F28 -> 0.00036699998 | R28: =(D28*Q28)/(1+(D28-E28)*Q28) -> 0.0018333178 | S28: =S27-T27 -> 99202.87 | T28: =S28*R28 -> 181.87039 | U28: =D28*S29+E28*T28 -> 495559.68 | V28: =U28+V29 -> 6355280.4 | W28: =V28/S28 -> 64.063473
A29: 2019 | B29: Mujeres | C29: 35 | D29: 5 | E29: 2.5 | F29: 188978 | G29: 117.14 | H29: =G29/F29 -> 0.00061986051 | I29: =(D29*H29)/(1+(D29-E29)*H29) -> 0.0030945072 | J29: =J28-K28 -> 98883.3 | K29: =J29*I29 -> 305.99508 | L29: =D29*J30+E29*K29 -> 493651.51 | M29: =L29+M30 -> 5846571.8 | N29: =M29/J29 -> 59.125978 | O29: 7 | P29: =G29-O29 -> 110.14 | Q29: =P29/F29 -> 0.00058281916 | R29: =(D29*Q29)/(1+(D29-E29)*Q29) -> 0.002909856 | S29: =S28-T28 -> 99021 | T29: =S29*R29 -> 288.13685 | U29: =D29*S30+E29*T29 -> 494384.66 | V29: =U29+V30 -> 5859720.7 | W29: =V29/S29 -> 59.176546
A30: 2019 | B30: Mujeres | C30: 40 | D30: 5 | E30: 2.5 | F30: 174441 | G30: 169.1 | H30: =G30/F30 -> 0.0009693822 | I30: =(D30*H30)/(1+(D30-E30)*H30) -> 0.0048351931 | J30: =J29-K29 -> 98577.305 | K30: =J30*I30 -> 476.64031 | L30: =D30*J31+E30*K30 -> 491694.92 | M30: =L30+M31 -> 5352920.3 | N30: =M30/J30 -> 54.301751 | O30: 6 | P30: =G30-O30 -> 163.1 | Q30: =P30/F30 -> 0.00093498661 | R30: =(D30*Q30)/(1+(D30-E30)*Q30) -> 0.0046640311 | S30: =S29-T29 -> 98732.863 | T30: =S30*R30 -> 460.49314 | U30: =D30*S31+E30*T30 -> 492513.08 | V30: =U30+V31 -> 5365336.1 | W30: =V30/S30 -> 54.341947
A31: 2019 | B31: Mujeres | C31: 45 | D31: 5 | E31: 2.5 | F31: 159905 | G31: 263.96 | H31: =G31/F31 -> 0.0016507301 | I31: =(D31*H31)/(1+(D31-E31)*H31) -> 0.0082197292 | J31: =J30-K30 -> 98100.664 | K31: =J31*I31 -> 806.3609 | L31: =D31*J32+E31*K31 -> 488487.42 | M31: =L31+M32 -> 4861225.3 | N31: =M31/J31 -> 49.553439 | O31: 5 | P31: =G31-O31 -> 258.96 | Q31: =P31/F31 -> 0.0016194616 | R31: =(D31*Q31)/(1+(D31-E31)*Q31) -> 0.0080646568 | S31: =S30-T30 -> 98272.37 | T31: =S31*R31 -> 792.53294 | U31: =D31*S32+E31*T31 -> 489380.52 | V31: =U31+V32 -> 4872823 | W31: =V31/S31 -> 49.584873
A32: 2019 | B32: Mujeres | C32: 50 | D32: 5 | E32: 2.5 | F32: 145368 | G32: 396.29 | H32: =G32/F32 -> 0.0027261158 | I32: =(D32*H32)/(1+(D32-E32)*H32) -> 0.013538311 | J32: =J31-K31 -> 97294.304 | K32: =J32*I32 -> 1317.2006 | L32: =D32*J33+E32*K32 -> 483178.52 | M32: =L32+M33 -> 4372737.9 | N32: =M32/J32 -> 44.943411 | O32: 8 | P32: =G32-O32 -> 388.29 | Q32: =P32/F32 -> 0.002671083 | R32: =(D32*Q32)/(1+(D32-E32)*Q32) -> 0.013266823 | S32: =S31-T31 -> 97479.837 | T32: =S32*R32 -> 1293.2478 | U32: =D32*S33+E32*T32 -> 484166.07 | V32: =U32+V33 -> 4383442.5 | W32: =V32/S32 -> 44.967684
A33: 2019 | B33: Mujeres | C33: 55 | D33: 5 | E33: 2.5 | F33: 130831 | G33: 614.41 | H33: =G33/F33 -> 0.0046962111 | I33: =(D33*H33)/(1+(D33-E33)*H33) -> 0.023208575 | J33: =J32-K32 -> 95977.103 | K33: =J33*I33 -> 2227.4918 | L33: =D33*J34+E33*K33 -> 474316.79 | M33: =L33+M34 -> 3889559.4 | N33: =M33/J33 -> 40.52591 | O33: 3 | P33: =G33-O33 -> 611.41 | Q33: =P33/F33 -> 0.0046732808 | R33: =(D33*Q33)/(1+(D33-E33)*Q33) -> 0.023096562 | S33: =S32-T32 -> 96186.589 | T33: =S33*R33 -> 2221.5795 | U33: =D33*S34+E33*T33 -> 475379 | V33: =U33+V34 -> 3899276.4 | W33: =V33/S33 -> 40.53867
... A36: 2019 | B36: Mujeres | C36: 70 | D36: 5 | E36: 2.5 | F36: 87221 | G36: 1865.97 | H36: =G36/F36 -> 0.021393586 | I36: =(D36*H36)/(1+(D36-E36)*H36) -> 0.10153731 | J36: =J35-K35 -> 84458.474 | K36: =J36*I36 -> 8575.6866 | L36: =D36*J37+E36*K36 -> 400853.15 | M36: =L36+M37 -> 2519106.1 | N36: =M36/J36 -> 29.826564 | O36: 3 | P36: =G36-O36 -> 1862.97 | Q36: =P36/F36 -> 0.021359191 | R36: =(D36*Q36)/(1+(D36-E36)*Q36) -> 0.10138234 | S36: =S35-T35 -> 84663.972 | T36: =S36*R36 -> 8583.4319 | U36: =D36*S37+E36*T36 -> 401861.28 | V36: =U36+V37 -> 2525634.4 | W36: =V36/S36 -> 29.831277
A37: 2019 | B37: Mujeres | C37: 75 | D37: 5 | E37: 2.5 | F37: 72684 | G37: 2603.78 | H37: =G37/F37 -> 0.03582329 | I37: =1 -> 1 | J37: =J36-K36 -> 75882.788 | K37: =J37*I37 -> 75882.788 | L37: =J37/H37 -> 2118252.9 | M37: =L37 -> 2118252.9 | N37: =M37/J37 -> 27.914801 | O37: 0 | P37: =G37-O37 -> 2603.78 | Q37: =P37/F37 -> 0.03582329 | R37: =1 -> 1 | S37: =S36-T36 -> 76080.54 | T37: =S37*R37 -> 76080.54 | U37: =S37/Q37 -> 2123773.1 | V37: =U37 -> 2123773.1 | W37: =V37/S37 -> 27.914801

Sheet resumen
A1: sexo | B1: e0_original | C1: e0_sin_homicidios | D1: ganancia_e0 | E1: homicidios_2019
A2: Hombres | B2: =tabla_vida_2019!N2 -> 74.799995 | C2: =tabla_vida_2019!W2 -> 75.672964 | D2: =C2-B2 -> 0.8729688 | E2: =tabla_vida_2019!O2+tabla_vida_2019!O3+tabla_vida_2019!O4+tabla_vida_2019!O5+tabla_vida_2019!O6+tabla_vida_2019!O7+tabla_vida_2019!O8+tabla_vida_2019!O9+tabla_vida_2019!O10+tabla_vida_2019!O11+tabla_vida_2019!O12+tabla_vida_2019!O13+tabla_vida_2019!O14+tabla_vida_2019!O15+tabla_vida_2019!O16+tabla_vida_2019!O17+tabla_vida_2019!O18+tabla_vida_2019!O19 -> 819
A3: Mujeres | B3: =tabla_vida_2019!N20 -> 4.7999717 | C3: =tabla_vida_2019!W20 -> 4.8005022 | D3: =C3-B3 -> 0.00053048795 | E3: =tabla_vida_2019!O20+tabla_vida_2019!O21+tabla_vida_2019!O22+tabla_vida_2019!O23+tabla_vida_2019!O24+tabla_vida_2019!O25+tabla_vida_2019!O26+tabla_vida_2019!O27+tabla_vida_2019!O28+tabla_vida_2019!O29+tabla_vida_2019!O30+tabla_vida_2019!O31+tabla_vida_2019!O32+tabla_vida_2019!O33+tabla_vida_2019!O34+tabla_vida_2019!O35+tabla_vida_2019!O36+tabla_vida_2019!O37 -> 95

Sheet homicidios_2019
A1: sexo | B1: edad_inicio | C1: homicidios_2019
A2: Hombres | B2: 0 | C2: 5
A3: Hombres | B3: 1 | C3: 0
A4: Hombres | B4: 5 | C4: 0
A5: Hombres | B5: 10 | C5: 4
A6: Hombres | B6: 15 | C6: 64
A7: Hombres | B7: 20 | C7: 150
A8: Hombres | B8: 25 | C8: 143
A9: Hombres | B9: 30 | C9: 111
A10: Hombres | B10: 35 | C10: 100
A11: Hombres | B11: 40 | C11: 65
A12: Hombres | B12: 45 | C12: 70
A13: Hombres | B13: 50 | C13: 46
... A37: Mujeres | B37: 75 | C37: 0

Sheet formulas
A1: Cálculo | B1: Fórmula usada | C1: Descripción
A2: mx | B2: mx = defunciones / población | C2: Tasa central de mortalidad con las defunciones originales.
A3: qx | B3: qx = (n * mx) / (1 + (n - ax) * mx) | C3: Probabilidad de morir dentro del intervalo de edad. En 85+ se tomó qx = 1.
A4: lx | B4: lx inicial = 100000; después lx = lx anterior - dx anterior | C4: Sobrevivientes al inicio de cada intervalo.
A5: dx | B5: dx = lx * qx | C5: Defunciones de la tabla de vida.
A6: Lx | B6: Lx = n * lx siguiente + ax * dx | C6: Años-persona vividos en el intervalo.
A7: Tx | B7: Tx = Lx + Tx siguiente | C7: Años-persona que quedan por vivir desde la edad x.
A8: ex | B8: ex = Tx / lx | C8: Esperanza de vida a la edad x.
A9: homicidios_2019 | B9: Dato de INEGI por sexo y grupo de edad | C9: Defunciones por homicidio en Nuevo León durante 2019.
A10: defunciones_corregidas | B10: defunciones_corregidas = defunciones - homicidios_2019 | C10: Resta las defunciones por homicidio al total de defunciones.
A11: mx_corregida | B11: mx_corregida = defunciones_corregidas / población | C11: Tasa central de mortalidad sin homicidios.
A12: qx_corregida | B12: qx_corregida = (n * mx_corregida) / (1 + (n - ax) * mx_corregida) | C12: Probabilidad de morir sin homicidios. En 85+ se tomó qx = 1.
... A18: grupo 85+ | B18: Lx = lx / mx | C18: Para el grupo abierto se usa lx dividido entre mx.
